1511179200,48.0,48.0,48.0,48.0
1511188200,47.689998626708984,47.90999984741211,47.5,47.709999084472656
1511191800,47.720001220703125,48.25,47.43000030517578,48.220001220703125
1511195400,48.22999954223633,48.439998626708984,48.145599365234375,48.369998931884766
1511199000,48.380001068115234,48.41999816894531,48.279998779296875,48.349998474121094
1511202600,48.33000183105469,48.560001373291016,48.29999923706055,48.459999084472656
1511206200,48.46500015258789,48.5099983215332,48.2599983215332,48.29999923706055
1511209800,48.29499816894531,48.36000061035156,48.21500015258789,48.29999923706055
1511211600,48.31,48.31,47.7,47.7
1511218800,48.31,48.31,48.31,48.31
1511269200,48.2,48.2,48.2,48.2
1511274600,48.529998779296875,48.540000915527344,48.20000076293945,48.41999816894531
1511278200,48.400001525878906,48.400001525878906,47.900001525878906,47.98500061035156
1511281800,48.02000045776367,48.209999084472656,48.0,48.13999938964844
1511285400,48.1349983215332,48.154998779296875,47.900001525878906,48.01499938964844
1511289000,48.0099983215332,48.02000045776367,47.72999954223633,47.849998474121094
1511292600,47.849998474121094,48.064998626708984,47.84000015258789,47.98500061035156
1511296200,47.974998474121094,48.06999969482422,47.91999816894531,48.040000915527344
1511298000,48.02,48.02,47.7806,47.7806
1511355600,48.5,48.5,48.5,48.5
1511361000,48.38999938964844,48.540000915527344,48.220001220703125,48.41999816894531
1511364600,48.380001068115234,48.400001525878906,48.14500045776367,48.22999954223633
1511368200,48.23500061035156,48.52000045776367,48.23500061035156,48.29999923706055
1511371800,48.29999923706055,48.43000030517578,48.220001220703125,48.400001525878906
1511375400,48.39500045776367,48.470001220703125,48.369998931884766,48.43000030517578
1511379000,48.41999816894531,48.470001220703125,48.380001068115234,48.415000915527344
1511382600,48.415000915527344,48.470001220703125,48.30500030517578,48.349998474121094
1511384400,48.35,48.35,48.35,48.35
1511533800,48.59000015258789,48.66999816894531,47.959999084472656,48.07500076293945
1511537400,48.10499954223633,48.209999084472656,47.95500183105469,48.150001525878906
1511541000,48.165000915527344,48.2400016784668,48.04999923706055,48.09000015258789
1511544600,,,,
1511546400,48.09000015258789,48.16999816894531,48.05500030517578,48.11000061035156
1511553600,48.11,48.11,48.11,48.11
1511787600,48.0,48.0,47.92,47.92
1511791200,47.88,47.91,47.88,47.91
1511793000,47.81100082397461,47.85499954223633,47.35499954223633,47.665000915527344
1511796600,47.67499923706055,47.7599983215332,47.435001373291016,47.665000915527344
1511800200,47.665000915527344,47.72999954223633,47.564998626708984,47.633399963378906
1511803800,47.65999984741211,47.77000045776367,47.61000061035156,47.65999984741211
1511807400,47.66999816894531,47.810001373291016,47.65999984741211,47.720001220703125
1511811000,47.724998474121094,47.77000045776367,47.59000015258789,47.65999984741211
1511814600,47.665000915527344,47.7599983215332,47.65999984741211,47.709999084472656
1511816400,47.69,48.25,47.6711,47.69
1511879400,47.7599983215332,47.900001525878906,47.43000030517578,47.75
1511883000,47.779998779296875,47.779998779296875,47.654998779296875,47.70000076293945
1511886600,47.720001220703125,47.84000015258789,47.619998931884766,47.77000045776367
1511890200,47.77000045776367,47.84000015258789,47.7400016784668,47.7599983215332
1511893800,47.7599983215332,47.83000183105469,47.709999084472656,47.790000915527344
1511897400,47.79499816894531,47.83000183105469,47.720001220703125,47.720001220703125
1511901000,47.724998474121094,47.79999923706055,47.724998474121094,47.76499938964844
1511902800,47.77,47.77,47.7537,47.77
1511906400,47.77,47.77,47.77,47.77
1511965800,47.61000061035156,48.18000030517578,47.51570129394531,48.06999969482422
1511969400,48.040000915527344,48.439998626708984,47.869998931884766,48.099998474121094
1511973000,48.084999084472656,48.099998474121094,47.66999816894531,47.66999816894531
1511976600,47.63999938964844,47.849998474121094,47.54999923706055,47.65999984741211
1511980200,47.65999984741211,47.9900016784668,47.54999923706055,47.91999816894531
1511983800,47.900001525878906,47.994998931884766,47.847198486328125,47.95000076293945
1511987400,47.95000076293945,47.9900016784668,47.880001068115234,47.880001068115234
1511989200,47.89,47.89,47.88,47.88
1511992800,47.88,47.88,47.88,47.88
1512052200,48.22999954223633,49.02000045776367,48.22999954223633,48.529998779296875
1512055800,48.52000045776367,48.59000015258789,48.220001220703125,48.459999084472656
1512059400,48.439998626708984,48.52000045776367,47.919898986816406,48.13999938964844
1512063000,48.150001525878906,48.2599983215332,47.810001373291016,48.06999969482422
1512066600,48.0625,48.10499954223633,47.83000183105469,48.10499954223633
1512070200,48.08000183105469,48.17490005493164,47.9900016784668,48.099998474121094
1512073800,48.099998474121094,48.20000076293945,48.04999923706055,48.09000015258789
1512075600,48.09,48.3623,48.0888,48.09
1512079200,48.09,48.09,48.0885,48.0885
1512136800,48.58,48.6,48.33,48.59
1512138600,48.68000030517578,49.470001220703125,48.4900016784668,49.38999938964844
1512142200,49.380001068115234,49.79999923706055,49.005001068115234,49.04999923706055
1512145800,49.0,49.22999954223633,48.779998779296875,49.04999923706055
1512149400,49.060001373291016,49.11000061035156,48.72999954223633,49.029998779296875
1512153000,49.02000045776367,49.119998931884766,48.85499954223633,48.97999954223633
1512156600,48.959999084472656,48.970001220703125,48.70000076293945,48.77000045776367
1512160200,48.7599983215332,48.810001373291016,48.68000030517578,48.72999954223633
1512162000,48.72,49.0385,48.72,48.72
1512396000,48.72,48.72,48.72,48.72
1512397800,48.45000076293945,48.9900016784668,48.32640075683594,48.7400016784668
1512401400,48.72999954223633,49.130001068115234,48.59000015258789,48.96500015258789
1512405000,48.974998474121094,49.34000015258789,48.959999084472656,49.0099983215332
1512408600,49.0099983215332,49.09000015258789,48.849998474121094,49.06999969482422
1512412200,49.060001373291016,49.16999816894531,48.744998931884766,48.744998931884766
1512415800,48.75,48.790000915527344,48.59000015258789,48.59000015258789
1512419400,48.584999084472656,48.6349983215332,48.494998931884766,48.599998474121094
1512421200,48.59,49.0491,48.59,48.59
1512424800,48.59,48.59,48.59,48.59
1512484200,48.25,48.54999923706055,47.869998931884766,47.96500015258789
1512487800,47.95000076293945,48.27000045776367,47.79999923706055,48.220001220703125
1512491400,48.2400016784668,48.53499984741211,48.130001068115234,48.45000076293945
1512495000,48.459999084472656,48.630001068115234,48.3849983215332,48.45000076293945
1512498600,48.43000030517578,48.47999954223633,48.33000183105469,48.41999816894531
1512502200,48.423099517822266,48.42499923706055,48.275001525878906,48.349998474121094
1512505800,48.349998474121094,48.375,48.18000030517578,48.26499938964844
1512507600,48.26,48.4306,47.7,48.26
1512511200,48.26,48.26,48.2,48.2
1512565200,48.26,48.26,48.26,48.26
1512568800,48.26,48.26,48.2,48.2
1512570600,47.939998626708984,47.9900016784668,47.439998626708984,47.72999954223633
1512574200,47.79999923706055,47.93000030517578,47.04679870605469,47.189998626708984
1512577800,47.189998626708984,47.400001525878906,46.849998474121094,47.17499923706055
1512581400,47.13999938964844,47.20500183105469,46.93000030517578,47.029998779296875
1512585000,47.060001373291016,47.29999923706055,46.939998626708984,46.95750045776367
1512588600,46.95000076293945,47.10499954223633,46.90999984741211,47.01499938964844
1512592200,47.0,47.15999984741211,46.935001373291016,47.11000061035156
1512594000,47.11,47.4,47.11,47.11
1512597600,47.11,47.11,47.11,47.11
1512601200,47.1,47.11,46.76,46.76
1512655200,47.08,47.08,47.08,47.08
1512657000,46.91999816894531,47.38999938964844,46.81999969482422,47.290000915527344
1512660600,47.310001373291016,47.31999969482422,47.060001373291016,47.17499923706055
1512664200,47.20000076293945,47.34000015258789,47.08000183105469,47.119998931884766
1512667800,47.13100051879883,47.2400016784668,47.04999923706055,47.23500061035156
1512671400,47.22999954223633,47.27000045776367,47.099998474121094,47.19499969482422
1512675000,47.189998626708984,47.34000015258789,47.17499923706055,47.27989959716797
1512678600,47.28499984741211,47.3849983215332,47.27000045776367,47.310001373291016
1512680400,47.32,47.32,47.32,47.32
1512684000,47.32,47.32,47.32,47.32
1512734400,47.7,47.7,47.7,47.7
1512738000,47.71,47.72,47.71,47.72
1512741600,47.9,47.95,47.9,47.95
1512743400,47.68000030517578,47.84000015258789,47.42499923706055,47.595001220703125
1512747000,47.58000183105469,48.0,47.58000183105469,47.880001068115234
1512750600,47.86000061035156,48.220001220703125,47.845001220703125,48.0099983215332
1512754200,48.02000045776367,48.099998474121094,47.86000061035156,47.939998626708984
1512757800,47.93000030517578,48.0,47.88999938964844,47.90999984741211
1512761400,47.91999816894531,48.0099983215332,47.880001068115234,47.970001220703125
1512765000,47.96500015258789,47.994998931884766,47.84000015258789,47.91999816894531
1512766800,47.92,48.0,47.92,47.92
1513002600,48.060001373291016,48.310001373291016,47.959999084472656,48.22999954223633
1513006200,48.27000045776367,48.540000915527344,48.25,48.40999984741211
1513009800,48.38999938964844,48.5,48.310001373291016,48.375
1513013400,48.38999938964844,48.47999954223633,48.30500030517578,48.415000915527344
1513017000,48.43000030517578,48.45000076293945,48.349998474121094,48.3849983215332
1513020600,48.38999938964844,48.38999938964844,48.25,48.29999923706055
1513024200,48.290000915527344,48.349998474121094,48.244998931884766,48.29999923706055
1513026000,48.3,48.4,48.3,48.3
1513029600,48.45,48.45,48.45,48.45
1513089000,48.630001068115234,48.69499969482422,48.08000183105469,48.69499969482422
1513092600,48.70000076293945,49.34000015258789,48.69499969482422,49.099998474121094
1513096200,49.10499954223633,49.244998931884766,48.7400016784668,48.79499816894531
1513099800,48.81999969482422,49.06999969482422,48.81999969482422,49.02009963989258
1513103400,49.02000045776367,49.06999969482422,48.73500061035156,48.93000030517578
1513107000,48.935001373291016,49.2599983215332,48.935001373291016,48.9900016784668
1513110600,48.97999954223633,49.0,48.5099983215332,48.54999923706055
1513112400,48.54,49.1077,48.54,48.54
1513116000,48.55,48.55,48.55,48.55
1513175400,48.56999969482422,48.65999984741211,47.95000076293945,48.40999984741211
1513179000,48.5,48.630001068115234,48.369998931884766,48.5
1513182600,48.5099983215332,48.661399841308594,48.36000061035156,48.5099983215332
1513186200,48.51499938964844,48.56999969482422,48.38999938964844,48.560001373291016
1513189800,48.58000183105469,48.63999938964844,48.33000183105469,48.334999084472656
1513193400,48.33000183105469,48.439998626708984,48.150001525878906,48.275001525878906
1513197000,48.275001525878906,48.380001068115234,48.2400016784668,48.2599983215332
1513198800,48.26,48.3881,48.26,48.26
1513202400,48.26,48.26,48.26,48.26
1513252800,48.5,48.5,48.5,48.5
1513260000,48.1,48.1,47.94,47.94
1513261800,47.9900016784668,48.2400016784668,47.84000015258789,47.84000015258789
1513265400,47.91999816894531,48.060001373291016,47.59000015258789,47.65999984741211
1513269000,47.650001525878906,47.779998779296875,47.369998931884766,47.7400016784668
1513272600,47.72999954223633,47.82500076293945,47.665000915527344,47.80500030517578
1513276200,47.810001373291016,47.875,47.630001068115234,47.79999923706055
1513279800,47.810001373291016,48.13999938964844,47.810001373291016,48.130001068115234
1513283400,48.1349983215332,48.13999938964844,47.869998931884766,47.88999938964844
1513285200,47.89,47.89,47.6384,47.89
1513342800,47.89,47.89,47.89,47.89
1513346400,48.26,48.39,47.89,48.39
1513348200,48.22999954223633,48.349998474121094,47.959999084472656,48.13999938964844
1513351800,48.119998931884766,48.130001068115234,47.7599983215332,47.7599983215332
1513355400,47.779998779296875,47.790000915527344,47.540000915527344,47.650001525878906
1513359000,47.65999984741211,47.72999954223633,47.5099983215332,47.59000015258789
1513362600,47.583099365234375,47.68000030517578,47.540000915527344,47.59000015258789
1513366200,47.595001220703125,47.72999954223633,47.560001373291016,47.58000183105469
1513369800,47.57500076293945,47.599998474121094,47.39500045776367,47.5099983215332
1513371600,47.52,47.6566,47.51,47.52
1513375200,47.6218,47.6218,47.6218,47.6218
1513378800,47.52,47.52,47.52,47.52
1513602000,47.52,47.52,47.52,47.52
1513607400,47.72999954223633,48.5,47.56999969482422,48.470001220703125
1513611000,48.47100067138672,48.91999816894531,48.38999938964844,48.83000183105469
1513614600,48.79999923706055,48.91999816894531,48.57500076293945,48.57500076293945
1513618200,48.599998474121094,48.900001525878906,48.57500076293945,48.849998474121094
1513621800,48.849998474121094,48.915000915527344,48.709999084472656,48.755001068115234
1513625400,48.755001068115234,48.82500076293945,48.689998626708984,48.72999954223633
1513629000,48.73500061035156,48.7599983215332,48.525001525878906,48.529998779296875
1513630800,48.53,48.8493,48.53,48.53
1513688400,48.9,48.9,48.9,48.9
1513692000,48.9,48.9,48.7,48.7
1513693800,48.90999984741211,49.630001068115234,48.68000030517578,49.54999923706055
1513697400,49.4900016784668,49.63999938964844,49.279998779296875,49.540000915527344
1513701000,49.540000915527344,49.95000076293945,49.4900016784668,49.95000076293945
1513704600,49.95000076293945,50.130001068115234,49.7599983215332,49.79999923706055
1513708200,49.790000915527344,49.845001220703125,49.689998626708984,49.70000076293945
1513711800,49.70500183105469,49.744998931884766,49.435001373291016,49.44329833984375
1513715400,49.45000076293945,49.52000045776367,49.369998931884766,49.369998931884766
1513717200,49.39,50.045,49.39,49.39
1513720800,49.3,49.3,49.3,49.3
1513774800,49.46,49.46,49.46,49.46
1513780200,49.921600341796875,49.921600341796875,49.400001525878906,49.630001068115234
1513783800,49.653099060058594,50.54999923706055,49.650001525878906,50.529998779296875
1513787400,50.52000045776367,50.66999816894531,50.33000183105469,50.540000915527344
1513791000,50.540000915527344,50.61000061035156,50.34000015258789,50.599998474121094
1513794600,50.59000015258789,50.90999984741211,50.54999923706055,50.850101470947266
1513798200,50.849998474121094,50.97999954223633,50.73500061035156,50.959999084472656
1513801800,50.96500015258789,51.13999938964844,50.68000030517578,50.7400016784668
1513803600,50.73,51.01,50.4714,50.73
1513807200,50.73,50.73,50.73,50.73
1513864800,50.48,50.48,50.46,50.46
1513866600,50.630001068115234,51.2599983215332,50.61000061035156,51.22999954223633
1513870200,51.290000915527344,52.06999969482422,51.279998779296875,51.91999816894531
1513873800,51.930198669433594,52.79999923706055,51.90999984741211,52.400001525878906
1513877400,52.439998626708984,52.66899871826172,52.439998626708984,52.60499954223633
1513881000,52.60499954223633,52.880001068115234,52.5099983215332,52.79999923706055
1513884600,52.79999923706055,52.810001373291016,52.16999816894531,52.38999938964844
1513888200,52.380001068115234,52.380001068115234,51.869998931884766,51.959999084472656
1513890000,51.96,52.135,51.88,51.88
1513893600,51.88,51.88,51.88,51.88
1513897200,51.85,51.85,51.85,51.85
1513951200,51.96,51.96,51.96,51.96
1513953000,51.970001220703125,52.619998931884766,51.95000076293945,52.29999923706055
1513956600,52.33000183105469,52.88999938964844,52.31999969482422,52.810001373291016
1513960200,52.810001373291016,53.38999938964844,52.790000915527344,53.373199462890625
1513963800,53.400001525878906,53.45500183105469,53.119998931884766,53.13999938964844
1513967400,53.13999938964844,53.220001220703125,53.0,53.07500076293945
1513971000,53.064998626708984,53.09000015258789,52.939998626708984,52.959999084472656
1513974600,52.95000076293945,52.97999954223633,52.8849983215332,52.91999816894531
1513976400,52.93,53.0961,52.93,53.0961
1514298600,53.310001373291016,54.130001068115234,53.16999816894531,54.130001068115234
1514302200,54.16999816894531,54.27000045776367,53.84000015258789,54.060001373291016
1514305800,54.06999969482422,54.43000030517578,54.03499984741211,54.213199615478516
1514309400,54.2400016784668,54.2400016784668,54.0,54.0
1514313000,54.000999450683594,54.0099983215332,53.81999969482422,53.880001068115234
1514316600,53.869998931884766,54.13999938964844,53.85499954223633,53.91999816894531
1514320200,53.91999816894531,54.13999938964844,53.900001525878906,54.099998474121094
1514322000,54.1,54.1,54.1,54.1
1514329200,54.1,54.1,54.1,54.1
1514379600,54.15,54.55,54.15,54.55
1514383200,54.1,54.1,54.1,54.1
1514385000,54.0099983215332,54.130001068115234,53.79999923706055,53.93000030517578
1514388600,53.93000030517578,54.25,53.83000183105469,54.119998931884766
1514392200,54.11000061035156,54.16999816894531,53.900001525878906,54.102500915527344
1514395800,54.08000183105469,54.1150016784668,53.849998474121094,53.849998474121094
1514399400,53.84000015258789,54.029998779296875,53.79999923706055,54.01499938964844
1514403000,53.97999954223633,54.01499938964844,53.79999923706055,53.83000183105469
1514406600,53.83000183105469,53.849998474121094,53.755001068115234,53.77000045776367
1514408400,53.78,54.1157,53.78,53.78
1514412000,53.78,53.78,53.78,53.78
1514471400,53.810001373291016,54.04999923706055,53.529998779296875,53.529998779296875
1514475000,53.61000061035156,53.91999816894531,53.61000061035156,53.790000915527344
1514478600,53.790000915527344,53.81999969482422,53.63999938964844,53.66999816894531
1514482200,53.65950012207031,53.915000915527344,53.65950012207031,53.8650016784668
1514485800,53.86009979248047,53.92499923706055,53.709999084472656,53.744998931884766
1514489400,53.755001068115234,53.959999084472656,53.689998626708984,53.89500045776367
1514493000,53.88999938964844,53.92499923706055,53.75,53.755001068115234
1514494800,53.76,53.76,53.7469,53.76
1514557800,54.0099983215332,54.02009963989258,53.43000030517578,53.59000015258789
1514561400,53.61000061035156,53.900001525878906,53.540000915527344,53.81999969482422
1514565000,53.849998474121094,53.95000076293945,53.70000076293945,53.88999938964844
1514568600,53.88999938964844,53.92499923706055,53.75,53.84000015258789
1514572200,53.86000061035156,53.900001525878906,53.689998626708984,53.81999969482422
1514575800,53.809600830078125,53.88999938964844,53.7599983215332,53.779998779296875
1514579400,53.77000045776367,53.880001068115234,53.630001068115234,53.6349983215332
1514581200,53.64,53.64,53.64,53.64
1514584800,53.64,53.64,53.64,53.64
1514588400,53.75,53.75,53.64,53.64
1514903400,54.189998626708984,54.63999938964844,54.040000915527344,54.439998626708984
1514907000,54.470001220703125,54.560001373291016,54.0099983215332,54.0099983215332
1514910600,54.029998779296875,54.470001220703125,54.029998779296875,54.46500015258789
1514914200,54.474998474121094,54.599998474121094,54.41999816894531,54.459999084472656
1514917800,54.459999084472656,54.59550094604492,54.45000076293945,54.59000015258789
1514921400,54.58000183105469,54.709999084472656,54.48500061035156,54.66999816894531
1514925000,54.63999938964844,54.849998474121094,54.63999938964844,54.77000045776367
1514926800,54.77,54.77,54.5091,54.5091
1514930400,54.7749,54.7749,54.77,54.77
1514984400,55.0,55.0,55.0,55.0
1514988000,54.98,55.0,54.77,54.79
1514989800,54.869998931884766,55.345001220703125,54.744998931884766,55.119998931884766
1514993400,55.130001068115234,55.380001068115234,54.93000030517578,54.99720001220703
1514997000,54.9900016784668,55.29999923706055,54.977500915527344,55.209999084472656
1515000600,55.220001220703125,55.45000076293945,55.13999938964844,55.20500183105469
1515004200,55.22999954223633,55.31999969482422,54.66999816894531,54.834999084472656
1515007800,54.83689880371094,54.915000915527344,54.654998779296875,54.875
1515011400,54.8650016784668,54.900001525878906,54.72999954223633,54.7599983215332
1515013200,54.77,55.0724,54.77,54.77
1515020400,54.77,54.77,54.77,54.77
1515067200,54.66,54.66,54.66,54.66
1515074400,54.85,54.85,54.85,54.85
1515076200,54.79999923706055,54.81999969482422,54.310001373291016,54.71989822387695
1515079800,54.70009994506836,55.2400016784668,54.560001373291016,55.0901985168457
1515083400,55.119998931884766,55.54999923706055,55.11000061035156,55.459999084472656
1515087000,55.470001220703125,55.54999923706055,55.16999816894531,55.20000076293945
1515090600,55.209999084472656,55.54999923706055,55.16999816894531,55.459999084472656
1515094200,55.459999084472656,55.665000915527344,55.400001525878906,55.650001525878906
1515097800,55.650001525878906,55.65999984741211,55.5,55.65999984741211
1515099600,55.65,55.86,55.3249,55.86
1515157200,55.2,55.2,55.2,55.2
1515162600,55.375,55.689998626708984,54.939998626708984,55.33000183105469
1515166200,55.38999938964844,55.439998626708984,55.02000045776367,55.23500061035156
1515169800,55.2400016784668,55.45000076293945,55.040000915527344,55.06999969482422
1515173400,55.060001373291016,55.08000183105469,54.56999969482422,54.67499923706055
1515177000,54.68000030517578,54.90999984741211,54.65380096435547,54.90999984741211
1515180600,54.900001525878906,54.97999954223633,54.86690139770508,54.90999984741211
1515184200,54.91999816894531,55.060001373291016,54.8849983215332,55.0099983215332
1515186000,55.02,55.02,54.7316,55.02
1515421800,55.0,55.369998931884766,54.880001068115234,54.880001068115234
1515425400,54.900001525878906,55.15999984741211,54.79999923706055,54.79999923706055
1515429000,54.77000045776367,55.17340087890625,54.65999984741211,55.060001373291016
1515432600,55.060001373291016,55.279998779296875,54.89500045776367,55.279998779296875
1515436200,55.28499984741211,55.36000061035156,55.22999954223633,55.334999084472656
1515439800,55.334999084472656,55.54999923706055,55.27000045776367,55.540000915527344
1515443400,55.540000915527344,55.560001373291016,55.36000061035156,55.400001525878906
1515445200,55.39,55.39,55.08,55.08
1515448800,55.39,55.39,55.39,55.39
1515508200,55.70000076293945,55.8297004699707,55.41999816894531,55.47999954223633
1515511800,55.47999954223633,55.529998779296875,55.25,55.5099983215332
1515515400,55.4900016784668,55.665000915527344,55.46500015258789,55.65359878540039
1515519000,55.654998779296875,55.90999984741211,55.654998779296875,55.79999923706055
1515522600,55.77000045776367,55.904998779296875,55.7400016784668,55.7599983215332
1515526200,55.7599983215332,55.779998779296875,55.619998931884766,55.619998931884766
1515529800,55.619998931884766,55.689998626708984,55.470001220703125,55.529998779296875
1515531600,55.52,55.72,55.52,55.72
1515592800,55.55,55.55,55.55,55.55
1515594600,55.5099983215332,56.5099983215332,55.5099983215332,55.88999938964844
1515598200,55.86000061035156,55.93000030517578,55.56999969482422,55.93000030517578
1515601800,55.93000030517578,55.98500061035156,55.689998626708984,55.720001220703125
1515605400,55.720001220703125,55.7599983215332,55.47999954223633,55.52000045776367
1515609000,55.529998779296875,55.79499816894531,55.5,55.689998626708984
1515612600,55.689998626708984,55.689998626708984,55.439998626708984,55.45500183105469
1515616200,55.46500015258789,55.47999954223633,55.369998931884766,55.41999816894531
1515618000,55.41,55.4869,55.41,55.4869
1515679200,55.68,56.2,55.68,56.2
1515681000,55.93000030517578,57.150001525878906,55.599998474121094,57.08000183105469
1515684600,57.09000015258789,58.349998474121094,57.09000015258789,58.349998474121094
1515688200,58.34000015258789,58.654998779296875,58.18000030517578,58.52000045776367
1515691800,58.52000045776367,59.029998779296875,58.52000045776367,58.779998779296875
1515695400,58.7599983215332,58.859901428222656,58.41999816894531,58.540000915527344
1515699000,58.529998779296875,58.54999923706055,58.15999984741211,58.40999984741211
1515702600,58.40999984741211,58.71500015258789,58.369998931884766,58.5
1515704400,58.5,58.5,58.206,58.5
1515767400,58.7599983215332,59.154998779296875,58.654998779296875,58.779998779296875
1515771000,58.83000183105469,58.849998474121094,58.21500015258789,58.52000045776367
1515774600,58.47999954223633,58.959999084472656,58.47999954223633,58.86000061035156
1515778200,58.84000015258789,59.02000045776367,58.70000076293945,58.91999816894531
1515781800,58.93000030517578,58.970001220703125,58.709999084472656,58.849998474121094
1515785400,58.81999969482422,59.04999923706055,58.81999969482422,58.97999954223633
1515789000,58.959999084472656,59.096900939941406,58.86000061035156,58.9900016784668
1515790800,58.98,58.99,58.5852,58.98
1515794400,59.0,59.0,58.98,58.98
1516104000,59.11,59.11,59.11,59.11
1516107600,59.75,59.75,59.75,59.75
1516111200,59.25,59.25,59.0,59.0
1516113000,59.27899932861328,59.41999816894531,58.7400016784668,59.41999816894531
1516116600,59.415000915527344,59.720001220703125,59.05500030517578,59.13999938964844
1516120200,59.14500045776367,59.22999954223633,58.66999816894531,58.9900016784668
1516123800,59.02000045776367,59.095001220703125,58.83000183105469,59.06999969482422
1516127400,59.08000183105469,59.1150016784668,58.54840087890625,58.77000045776367
1516131000,58.77000045776367,58.849998474121094,58.529998779296875,58.63999938964844
1516134600,58.6349983215332,58.77000045776367,58.52000045776367,58.540000915527344
1516136400,58.55,59.1375,58.55,58.55
1516143600,58.55,58.55,58.45,58.45
1516190400,57.77,57.77,57.77,57.77
1516194000,58.42,58.42,58.42,58.42
1516197600,58.85,58.85,58.65,58.66
1516199400,58.7400016784668,58.7599983215332,57.91999816894531,58.20000076293945
1516203000,58.16999816894531,58.470001220703125,58.0989990234375,58.40999984741211
1516206600,58.41999816894531,58.91999816894531,58.40999984741211,58.88999938964844
1516210200,58.91999816894531,59.099998474121094,58.779998779296875,59.0099983215332
1516213800,59.005001068115234,59.470001220703125,58.970001220703125,59.400001525878906
1516217400,59.3650016784668,59.52000045776367,59.09000015258789,59.15999984741211
1516221000,59.15999984741211,59.209999084472656,58.900001525878906,58.970001220703125
1516222800,58.97,58.97,58.55,58.55
1516226400,58.97,58.97,58.97,58.97
1516284000,58.97,58.97,58.97,58.97
1516285800,58.81999969482422,59.130001068115234,58.43000030517578,58.720001220703125
1516289400,58.72999954223633,58.959999084472656,58.08000183105469,58.959999084472656
1516293000,58.9900016784668,59.060001373291016,58.709999084472656,58.790000915527344
1516296600,58.80500030517578,58.900001525878906,58.70000076293945,58.709999084472656
1516300200,58.7400016784668,58.75,58.5099983215332,58.599998474121094
1516303800,58.599998474121094,58.61000061035156,58.375,58.45000076293945
1516307400,58.41999816894531,58.45000076293945,58.27000045776367,58.29999923706055
1516309200,58.29,58.6437,58.29,58.29
1516312800,58.29,58.29,58.1,58.29
1516316400,58.29,58.29,58.29,58.29
1516352400,58.0,58.0,58.0,58.0
1516363200,58.17,58.17,58.17,58.17
1516366800,58.1,58.1,58.02,58.05
1516370400,58.29,58.29,58.29,58.29
1516372200,58.11000061035156,58.439998626708984,57.92100143432617,58.20000076293945
1516375800,58.20000076293945,58.44499969482422,58.040000915527344,58.130001068115234
1516379400,58.11000061035156,58.27000045776367,57.97999954223633,57.9900016784668
1516383000,58.0099983215332,58.18000030517578,57.8849983215332,58.125
1516386600,58.10499954223633,58.25,58.029998779296875,58.060001373291016
1516390200,58.060001373291016,58.349998474121094,57.9900016784668,58.185001373291016
1516393800,58.185001373291016,58.2599983215332,58.08000183105469,58.20000076293945
1516395600,58.2,58.2,58.1488,58.2
1516399200,57.8,58.1,57.8,58.1
1516402800,58.2,58.2,58.2,58.2
1516622400,57.9,58.68,57.5,58.68
1516631400,58.25,59.56999969482422,58.25,59.41999816894531
1516635000,59.38999938964844,60.22999954223633,59.20000076293945,60.189998626708984
1516638600,60.1510009765625,60.1510009765625,59.790000915527344,59.93000030517578
1516642200,59.97999954223633,60.279998779296875,59.93000030517578,60.2400016784668
1516645800,60.2400016784668,60.68000030517578,60.2400016784668,60.63999938964844
1516649400,60.625,60.625,60.349998474121094,60.500099182128906
1516653000,60.5,60.720001220703125,60.459999084472656,60.720001220703125
1516654800,60.72,60.72,60.0234,60.72
1516658400,60.72,60.72,60.72,60.72
1516662000,60.72,60.72,60.72,60.72
1516712400,60.72,60.72,60.72,60.72
1516717800,60.970001220703125,61.04999923706055,60.209999084472656,60.45000076293945
1516721400,60.40039825439453,61.25,60.290000915527344,60.95000076293945
1516725000,60.970001220703125,61.20000076293945,60.88999938964844,60.88999938964844
1516728600,60.900001525878906,61.369300842285156,60.900001525878906,61.30009841918945
1516732200,61.314998626708984,61.34000015258789,60.939998626708984,60.959999084472656
1516735800,60.970001220703125,61.310001373291016,60.90999984741211,61.25
1516739400,61.26179885864258,61.310001373291016,60.900001525878906,60.93000030517578
1516741200,60.94,61.1166,60.94,60.94
1516744800,60.94,60.94,60.94,60.94
1516748400,60.5,60.5,60.5,60.5
1516795200,60.94,60.94,60.94,60.94
1516804200,61.27000045776367,61.76499938964844,60.84000015258789,61.15999984741211
1516807800,61.310001373291016,61.75,61.170799255371094,61.38999938964844
1516811400,61.380001068115234,61.38999938964844,60.72999954223633,60.779998779296875
1516815000,60.77000045776367,61.32699966430664,60.77000045776367,61.29999923706055
1516818600,61.29999923706055,61.61000061035156,61.119998931884766,61.540000915527344
1516822200,61.540000915527344,61.70000076293945,61.275001525878906,61.55099868774414
1516825800,61.56999969482422,61.66999816894531,61.43000030517578,61.45500183105469
1516827600,61.43,61.43,61.3453,61.43
1516831200,61.43,61.43,61.43,61.43
1516890600,61.5,61.810001373291016,61.06999969482422,61.54999923706055
1516894200,61.650001525878906,61.810001373291016,60.9900016784668,61.13999938964844
1516897800,61.15999984741211,61.83000183105469,61.04999923706055,61.560001373291016
1516901400,61.560001373291016,61.709999084472656,61.459999084472656,61.56999969482422
1516905000,61.54999923706055,61.739898681640625,61.349998474121094,61.349998474121094
1516908600,61.36000061035156,61.779998779296875,61.20000076293945,61.52000045776367
1516912200,61.5099983215332,61.654998779296875,61.43000030517578,61.47999954223633
1516914000,61.49,61.49,61.4874,61.49
1516977000,61.61000061035156,62.5,61.310001373291016,61.92499923706055
1516980600,61.88999938964844,62.369998931884766,61.720001220703125,62.07500076293945
1516984200,62.11000061035156,62.25,61.880001068115234,62.18000030517578
1516987800,62.18579864501953,62.18579864501953,61.87099838256836,62.06420135498047
1516991400,62.06999969482422,62.07500076293945,61.650001525878906,61.66999816894531
1516995000,61.654998779296875,61.96989822387695,61.619998931884766,61.880001068115234
1516998600,61.88999938964844,61.89500045776367,61.68000030517578,61.810001373291016
1517000400,61.84,61.8474,61.84,61.8474
1517004000,61.84,61.84,61.84,61.84
1517230800,62.0,62.0,62.0,62.0
1517236200,61.34000015258789,62.349998474121094,61.22999954223633,62.0
1517239800,62.0,62.0,61.31999969482422,61.36000061035156
1517243400,61.36000061035156,61.380001068115234,61.11000061035156,61.165000915527344
1517247000,61.209999084472656,61.45000076293945,61.13999938964844,61.349998474121094
1517250600,61.349998474121094,61.54499816894531,61.22999954223633,61.540000915527344
1517254200,61.55860137939453,61.61000061035156,61.2599983215332,61.2599983215332
1517257800,61.25,61.29999923706055,60.86000061035156,60.970001220703125
1517259600,60.96,60.96,60.96,60.96
1517263200,60.96,61.15,60.96,61.15
1517266800,60.96,60.96,60.96,60.96
1517322600,59.97999954223633,60.41999816894531,58.97999954223633,59.68989944458008
1517326200,59.77000045776367,60.040000915527344,59.279998779296875,59.279998779296875
1517329800,59.27000045776367,60.130001068115234,59.27000045776367,60.029998779296875
1517333400,60.029998779296875,60.029998779296875,59.4900016784668,59.68000030517578
1517337000,59.685001373291016,60.189998626708984,59.630001068115234,59.849998474121094
1517340600,59.869998931884766,60.15999984741211,59.84000015258789,59.86000061035156
1517344200,59.86000061035156,60.04999923706055,59.72999954223633,59.7400016784668
1517346000,59.75,59.75,59.7176,59.75
1517349600,59.75,59.75,59.75,59.75
1517403600,60.25,60.25,60.25,60.25
1517407200,59.75,59.76,59.75,59.75
1517409000,59.529998779296875,60.36000061035156,59.529998779296875,60.06999969482422
1517412600,59.98500061035156,60.09000015258789,59.5,59.97999954223633
1517416200,59.93000030517578,60.150001525878906,59.880001068115234,59.93000030517578
1517419800,59.93000030517578,59.959999084472656,59.70500183105469,59.79999923706055
1517423400,59.81999969482422,59.97999954223633,59.52000045776367,59.7599983215332
1517427000,59.77000045776367,59.97999954223633,59.689998626708984,59.97999954223633
1517430600,59.97999954223633,60.279998779296875,59.970001220703125,60.08000183105469
1517432400,60.05,60.05,59.7013,59.7013
1517436000,60.05,60.05,60.05,60.05
1517490000,60.2,60.2,60.2,60.2
1517493600,60.2,60.47,60.2,60.47
1517495400,60.59000015258789,61.22999954223633,60.59000015258789,60.959999084472656
1517499000,60.900001525878906,60.900001525878906,60.06999969482422,60.31999969482422
1517502600,60.33000183105469,60.900001525878906,60.33000183105469,60.779998779296875
1517506200,60.79999923706055,61.220001220703125,60.75,61.16999816894531
1517509800,61.18000030517578,61.21500015258789,60.75,60.900001525878906
1517513400,60.869998931884766,61.404998779296875,60.82500076293945,61.040000915527344
1517517000,61.03499984741211,61.494998931884766,60.880001068115234,61.36000061035156
1517518800,61.37,61.37,61.37,61.37
1517522400,61.37,61.37,61.37,61.37
1517526000,61.37,61.37,61.37,61.37
1517581800,60.279998779296875,60.78670120239258,60.02000045776367,60.27000045776367
1517585400,60.279998779296875,60.31999969482422,59.58000183105469,59.779998779296875
1517589000,59.82500076293945,59.93000030517578,59.61000061035156,59.7400016784668
1517592600,59.720001220703125,59.810001373291016,59.33000183105469,59.59000015258789
1517596200,59.630001068115234,59.79999923706055,59.060001373291016,59.189998626708984
1517599800,59.18000030517578,59.369998931884766,59.029998779296875,59.22999954223633
1517603400,59.20500183105469,59.400001525878906,58.880001068115234,59.11000061035156
1517605200,59.11,59.14,59.11,59.11
1517608800,59.11,59.11,59.11,59.11
1517841000,58.06999969482422,59.4900016784668,57.810001373291016,59.099998474121094
1517844600,59.06999969482422,59.369998931884766,58.470001220703125,58.5
1517848200,58.529998779296875,58.720001220703125,57.9900016784668,58.040000915527344
1517851800,58.03950119018555,58.459999084472656,57.630001068115234,57.790000915527344
1517855400,57.79999923706055,58.11000061035156,57.58000183105469,57.630001068115234
1517859000,57.619998931884766,57.90999984741211,56.83000183105469,57.77000045776367
1517862600,57.52000045776367,57.54999923706055,56.77000045776367,56.849998474121094
1517864400,56.85,58.6044,56.47,56.47
1517868000,56.85,56.85,56.85,56.85
1517871600,56.4,56.4,56.4,56.4
1517914800,56.43,56.43,56.43,56.43
1517925600,55.95,56.02,55.94,55.95
1517927400,55.56999969482422,57.255001068115234,54.18000030517578,55.90999984741211
1517931000,56.04999923706055,56.13999938964844,55.66999816894531,55.77000045776367
1517934600,55.7400016784668,56.7400016784668,55.560001373291016,56.72999954223633
1517938200,56.7599983215332,56.88999938964844,56.02000045776367,56.29999923706055
1517941800,56.25,56.25,55.599998474121094,55.71500015258789
1517945400,55.70000076293945,57.18000030517578,55.619998931884766,57.1349983215332
1517949000,57.13999938964844,57.54999923706055,57.0099983215332,57.470001220703125
1517950800,57.49,58.4,57.49,57.49
1517954400,57.49,58.14,57.49,58.14
1518004800,57.5,57.5,57.5,57.5
1518008400,58.99,59.9,58.99,59.9
1518012000,59.6,61.0,59.6,60.01
1518013800,60.40999984741211,61.150001525878906,60.0,60.599998474121094
1518017400,60.540000915527344,60.56999969482422,58.540000915527344,58.81999969482422
1518021000,58.83000183105469,59.040000915527344,58.11000061035156,58.20000076293945
1518024600,58.20000076293945,58.279998779296875,57.68000030517578,58.13999938964844
1518028200,58.20000076293945,59.313201904296875,58.060001373291016,59.099998474121094
1518031800,59.08000183105469,59.400001525878906,58.404998779296875,59.369998931884766
1518035400,59.38999938964844,59.61000061035156,58.68000030517578,58.689998626708984
1518037200,58.72,59.2807,58.72,58.72
1518040800,58.72,58.72,58.72,58.72
1518044400,58.72,58.72,58.72,58.72
1518094800,58.72,58.72,58.72,58.72
1518100200,58.95989990234375,59.75,58.459999084472656,58.560001373291016
1518103800,58.54999923706055,58.54999923706055,56.88999938964844,57.13010025024414
1518107400,57.084999084472656,57.59000015258789,56.9900016784668,57.16999816894531
1518111000,57.189998626708984,57.25,56.54999923706055,56.869998931884766
1518114600,56.849998474121094,57.60499954223633,56.849998474121094,57.244998931884766
1518118200,57.209999084472656,57.2400016784668,56.470001220703125,56.68000030517578
1518121800,56.650001525878906,56.7400016784668,56.18000030517578,56.20500183105469
1518123600,56.25,57.3302,56.2,56.2
1518127200,57.0,57.0,56.9,56.9
1518130800,56.5,56.88,56.5,56.88
1518186600,56.88010025024414,57.22999954223633,55.8400993347168,56.06999969482422
1518190200,56.150001525878906,56.42499923706055,54.900001525878906,54.97999954223633
1518193800,55.0099983215332,55.255001068115234,53.989898681640625,54.2400016784668
1518197400,54.21500015258789,54.599998474121094,53.95000076293945,54.11000061035156
1518201000,54.06999969482422,55.84000015258789,53.847599029541016,55.119998931884766
1518204600,55.13999938964844,55.599998474121094,54.66999816894531,55.34000015258789
1518208200,55.32500076293945,56.630001068115234,55.313899993896484,56.130001068115234
1518210000,56.13,56.2,55.3644,56.13
1518445800,57.040000915527344,58.31999969482422,56.83000183105469,56.97999954223633
1518449400,57.02000045776367,57.849998474121094,56.95000076293945,57.5
1518453000,57.459999084472656,58.349998474121094,57.349998474121094,58.25
1518456600,58.189998626708984,58.41999816894531,58.04999923706055,58.34000015258789
1518460200,58.34000015258789,58.68000030517578,58.09000015258789,58.09000015258789
1518463800,58.130001068115234,58.29999923706055,57.86000061035156,58.119998931884766
1518467400,58.15999984741211,58.20000076293945,57.58000183105469,57.79999923706055
1518469200,57.82,58.1878,57.796,57.82
1518472800,57.82,57.82,57.82,57.82
1518512400,57.82,57.82,57.82,57.82
1518532200,57.33000183105469,57.81999969482422,57.0099983215332,57.279998779296875
1518535800,57.279998779296875,57.369998931884766,56.779998779296875,56.91999816894531
1518539400,56.900001525878906,57.38999938964844,56.900001525878906,57.27000045776367
1518543000,57.26499938964844,57.61119842529297,57.130001068115234,57.459999084472656
1518546600,57.45000076293945,57.689998626708984,57.36000061035156,57.36000061035156
1518550200,57.380001068115234,57.560001373291016,57.25,57.279998779296875
1518553800,57.27000045776367,57.369998931884766,57.13999938964844,57.189998626708984
1518555600,57.18,57.2869,57.1,57.1
1518559200,57.18,57.18,57.18,57.18
1518562800,57.18,57.18,57.18,57.18
1518616800,55.95,55.95,55.95,55.95
1518618600,56.400001525878906,58.09000015258789,56.279998779296875,57.70500183105469
1518622200,57.7400016784668,58.72999954223633,57.7400016784668,58.47999954223633
1518625800,58.5099983215332,58.959999084472656,58.150001525878906,58.88999938964844
1518629400,58.88999938964844,59.630001068115234,58.70000076293945,59.459999084472656
1518633000,59.5099983215332,59.77000045776367,59.400001525878906,59.439998626708984
1518636600,59.380001068115234,59.93000030517578,59.380001068115234,59.7400016784668
1518640200,59.72990036010742,59.85499954223633,59.53499984741211,59.775001525878906
1518642000,59.78,59.78,58.9349,59.78
1518645600,59.78,59.78,59.78,59.78
1518649200,59.78,59.78,59.78,59.78
1518699600,60.0,60.0,60.0,60.0
1518705000,59.869998931884766,59.90999984741211,59.189998626708984,59.45000076293945
1518708600,59.40999984741211,59.40999984741211,58.56999969482422,59.290000915527344
1518712200,59.29999923706055,59.70000076293945,58.970001220703125,59.22999954223633
1518715800,59.20500183105469,59.650001525878906,59.029998779296875,59.4900016784668
1518719400,59.4900016784668,59.619998931884766,59.130001068115234,59.560001373291016
1518723000,59.59000015258789,59.93000030517578,59.560001373291016,59.75
1518726600,59.75,59.75,59.47999954223633,59.619998931884766
1518728400,59.62,59.62,59.62,59.62
1518791400,59.314998626708984,59.68000030517578,59.16999816894531,59.459999084472656
1518795000,59.45000076293945,60.11000061035156,59.45000076293945,59.880001068115234
1518798600,59.88999938964844,60.040000915527344,59.63999938964844,59.66999816894531
1518802200,59.66999816894531,59.93000030517578,59.38999938964844,59.47999954223633
1518805800,59.48249816894531,59.54999923706055,59.11000061035156,59.290000915527344
1518809400,59.27000045776367,59.38999938964844,59.099998474121094,59.20000076293945
1518813000,59.209999084472656,59.470001220703125,59.08000183105469,59.16999816894531
1518814800,59.18,59.4553,59.18,59.18
1518818400,59.18,59.18,59.18,59.18
1519137000,59.29999923706055,60.45000076293945,59.25,60.400001525878906
1519140600,60.33000183105469,61.029998779296875,60.0099983215332,60.79999923706055
1519144200,60.77000045776367,60.91999816894531,60.380001068115234,60.459999084472656
1519147800,60.4900016784668,60.58000183105469,60.119998931884766,60.150001525878906
1519151400,60.099998474121094,60.36000061035156,59.97999954223633,60.09000015258789
1519155000,60.04499816894531,60.16999816894531,59.2400016784668,59.32500076293945
1519158600,59.29999923706055,59.459999084472656,59.165000915527344,59.2599983215332
1519160400,59.25,60.33,59.25,59.25
1519214400,59.6,59.6,57.98,57.98
1519218000,59.25,59.25,59.25,59.25
1519223400,59.02000045776367,59.66999816894531,58.70000076293945,59.16999816894531
1519227000,59.130001068115234,59.529998779296875,59.060001373291016,59.34000015258789
1519230600,59.33000183105469,59.38999938964844,58.77000045776367,58.97999954223633
1519234200,58.959999084472656,59.040000915527344,58.529998779296875,58.59000015258789
1519237800,58.59000015258789,58.880001068115234,58.40999984741211,58.56999969482422
1519241400,58.56999969482422,58.59000015258789,57.630001068115234,57.79499816894531
1519245000,57.81999969482422,57.95000076293945,57.2400016784668,57.27000045776367
1519246800,57.27,58.2517,57.27,57.27
1519250400,57.27,57.27,57.27,57.27
1519309800,57.88999938964844,58.36000061035156,57.68989944458008,57.86000061035156
1519313400,57.849998474121094,59.16999816894531,57.849998474121094,59.02000045776367
1519317000,59.040000915527344,59.529998779296875,58.959999084472656,59.244998931884766
1519320600,59.2599983215332,59.29999923706055,58.63999938964844,58.77000045776367
1519324200,58.724998474121094,58.939998626708984,58.58000183105469,58.80009841918945
1519327800,58.7599983215332,58.779998779296875,58.52000045776367,58.58000183105469
1519331400,58.59000015258789,58.62990188598633,58.14500045776367,58.290000915527344
1519333200,58.28,58.5845,58.28,58.28
1519336800,58.28,58.28,58.28,58.28
1519340400,58.28,58.28,58.28,58.28
1519396200,58.91999816894531,59.47999954223633,58.5099983215332,59.01499938964844
1519399800,59.040000915527344,59.18000030517578,58.56999969482422,58.83000183105469
1519403400,58.849998474121094,59.529998779296875,58.79999923706055,59.33000183105469
1519407000,59.34000015258789,59.61640167236328,59.34000015258789,59.560001373291016
1519410600,59.56999969482422,59.90999984741211,59.54999923706055,59.900001525878906
1519414200,59.900001525878906,60.93000030517578,59.88999938964844,60.80099868774414
1519417800,60.790000915527344,60.98500061035156,60.66999816894531,60.81999969482422
1519419600,60.82,60.8273,60.82,60.82
1519423200,60.82,60.82,60.8,60.82
1519655400,61.349998474121094,61.349998474121094,60.189998626708984,60.20000076293945
1519659000,60.18000030517578,60.290000915527344,59.93000030517578,60.20000076293945
1519662600,60.22999954223633,60.380001068115234,59.923099517822266,60.349998474121094
1519666200,60.36000061035156,60.435001373291016,60.18000030517578,60.40999984741211
1519669800,60.43000030517578,60.56999969482422,60.32500076293945,60.470001220703125
1519673400,60.459999084472656,60.505001068115234,60.209999084472656,60.31999969482422
1519677000,60.33000183105469,60.40999984741211,60.2401008605957,60.400001525878906
1519678800,60.4,60.46,60.3548,60.4
1519682400,60.49,60.49,60.49,60.49
1519740000,59.61,59.61,59.61,59.61
1519741800,60.22999954223633,60.29999923706055,59.18000030517578,59.18000030517578
1519745400,59.21070098876953,59.31010055541992,58.56999969482422,58.724998474121094
1519749000,58.724998474121094,58.959999084472656,58.58000183105469,58.790000915527344
1519752600,58.7599983215332,59.209999084472656,58.7599983215332,58.970001220703125
1519756200,58.939998626708984,59.130001068115234,58.779998779296875,58.939998626708984
1519759800,58.91999816894531,59.02000045776367,58.459999084472656,58.5099983215332
1519763400,58.529998779296875,58.70000076293945,58.459999084472656,58.459999084472656
1519765200,58.47,58.5226,58.47,58.47
1519768800,58.47,58.47,58.47,58.47
1519819200,58.08,58.08,58.0,58.0
1519828200,58.599998474121094,58.97999954223633,57.84000015258789,58.2400016784668
1519831800,58.15999984741211,58.15999984741211,57.59000015258789,57.90999984741211
1519835400,57.869998931884766,58.35499954223633,57.81999969482422,58.01499938964844
1519839000,57.959999084472656,58.45000076293945,57.880001068115234,57.970001220703125
1519842600,57.959999084472656,58.08000183105469,57.83000183105469,57.90999984741211
1519846200,57.89500045776367,57.89500045776367,57.150001525878906,57.369998931884766
1519849800,57.33000183105469,57.47999954223633,57.029998779296875,57.029998779296875
1519851600,57.04,58.285,57.04,57.04
1519855200,57.04,57.04,57.04,57.04
1519858800,57.04,57.04,57.04,57.04
1519905600,57.0,57.0,57.0,57.0
1519909200,56.7,56.7,56.7,56.7
1519914600,57.150001525878906,57.5099983215332,56.79999923706055,57.33000183105469
1519918200,57.39500045776367,57.810001373291016,56.97999954223633,57.16999816894531
1519921800,57.220001220703125,57.779998779296875,57.220001220703125,57.459999084472656
1519925400,57.45000076293945,57.70000076293945,57.040000915527344,57.439998626708984
1519929000,57.40999984741211,57.4900016784668,56.66999816894531,57.060001373291016
1519932600,57.130001068115234,57.650001525878906,56.98379898071289,57.400001525878906
1519936200,57.400001525878906,57.459999084472656,57.02000045776367,57.11000061035156
1519938000,57.12,57.2457,57.12,57.2457
1519941600,57.12,57.12,57.12,57.12
1520001000,56.77000045776367,56.900001525878906,56.09000015258789,56.119998931884766
1520004600,56.099998474121094,56.56999969482422,56.09000015258789,56.540000915527344
1520008200,56.54999923706055,57.22959899902344,56.54999923706055,57.0099983215332
1520011800,57.040000915527344,57.310001373291016,56.81999969482422,56.81999969482422
1520015400,56.810001373291016,57.119998931884766,56.689998626708984,57.0099983215332
1520019000,57.0099983215332,57.119998931884766,56.775001525878906,57.09000015258789
1520022600,57.060001373291016,57.630001068115234,57.02000045776367,57.459999084472656
1520024400,57.45,57.53,57.07,57.45
1520031600,57.45,57.45,57.45,57.45
1520260200,57.08000183105469,58.0,57.08000183105469,57.77000045776367
1520263800,57.79999923706055,58.7599983215332,57.57500076293945,58.59000015258789
1520267400,58.58000183105469,59.0,58.529998779296875,58.97999954223633
1520271000,58.994998931884766,59.130001068115234,58.72999954223633,58.959999084472656
1520274600,58.959999084472656,59.09000015258789,58.709999084472656,58.869998931884766
1520278200,58.845001220703125,59.29999923706055,58.84000015258789,59.165000915527344
1520281800,59.185001373291016,59.349998474121094,58.90999984741211,58.93000030517578
1520283600,58.95,59.0,58.93,58.95
1520287200,58.95,58.95,58.95,58.95
1520290800,58.95,58.95,58.95,58.95
1520346600,59.34000015258789,59.34000015258789,58.619998931884766,58.900001525878906
1520350200,58.90999984741211,59.2400016784668,58.3650016784668,58.3650016784668
1520353800,58.40999984741211,58.8849983215332,58.36000061035156,58.76499938964844
1520357400,58.7400016784668,59.11000061035156,58.7400016784668,59.040000915527344
1520361000,59.04999923706055,59.08000183105469,58.85219955444336,58.970001220703125
1520364600,58.97999954223633,59.16999816894531,58.88999938964844,58.959999084472656
1520368200,58.959999084472656,59.04999923706055,58.755001068115234,58.810001373291016
1520370000,58.81,58.81,58.81,58.81
1520377200,57.9,57.9,56.99,56.99
1520433000,58.13999938964844,58.87990188598633,58.029998779296875,58.63999938964844
1520436600,58.68000030517578,59.13999938964844,58.29999923706055,58.4900016784668
1520440200,58.47999954223633,58.619998931884766,57.9900016784668,58.150001525878906
1520443800,58.13999938964844,58.349998474121094,57.779998779296875,57.90999984741211
1520447400,57.900001525878906,57.95000076293945,57.68000030517578,57.689998626708984
1520451000,57.689998626708984,57.790000915527344,57.470001220703125,57.58000183105469
1520454600,57.584999084472656,57.83000183105469,57.55500030517578,57.709999084472656
1520456400,57.72,58.0765,57.72,57.72
1520463600,57.72,57.72,57.72,57.72
1520519400,57.83000183105469,58.0,57.459999084472656,57.709999084472656
1520523000,57.70000076293945,57.97999954223633,57.529998779296875,57.599998474121094
1520526600,57.61000061035156,57.689998626708984,57.27000045776367,57.310001373291016
1520530200,57.290000915527344,57.349998474121094,57.09000015258789,57.185001373291016
1520533800,57.16999816894531,57.220001220703125,56.64500045776367,57.15999984741211
1520537400,57.150001525878906,57.22999954223633,56.97999954223633,57.130001068115234
1520541000,57.119998931884766,57.13100051879883,56.790000915527344,57.06999969482422
1520542800,57.08,57.08,57.08,57.08
1520550000,57.25,57.25,57.0,57.0
1520605800,57.70000076293945,58.206199645996094,57.47999954223633,58.04999923706055
1520609400,58.060001373291016,58.33000183105469,57.7400016784668,58.33000183105469
1520613000,58.31999969482422,58.31999969482422,58.02000045776367,58.13999938964844
1520616600,58.1150016784668,58.380001068115234,58.03499984741211,58.20000076293945
1520620200,58.20000076293945,58.380001068115234,58.06999969482422,58.220001220703125
1520623800,58.22999954223633,58.34000015258789,58.0,58.09000015258789
1520627400,58.09000015258789,58.23500061035156,57.84000015258789,58.0099983215332
1520629200,58.03,58.0624,58.03,58.03
1520632800,58.03,58.03,58.03,58.03
1520636400,58.1,58.1,58.1,58.1
1520859600,57.89,57.89,57.89,57.89
1520861400,58.0,58.7599983215332,58.0,58.61000061035156
1520865000,58.619998931884766,58.689998626708984,58.220001220703125,58.220001220703125
1520868600,58.2599983215332,58.68000030517578,58.209999084472656,58.61000061035156
1520872200,58.63999938964844,58.900001525878906,58.52750015258789,58.83000183105469
1520875800,58.83000183105469,59.13999938964844,58.83000183105469,59.06999969482422
1520879400,59.08000183105469,59.25,59.040000915527344,59.099998474121094
1520883000,59.09000015258789,59.25,58.974998474121094,58.97999954223633
1520884800,58.98,58.98,58.98,58.98
1520888400,58.98,58.98,58.98,58.98
1520892000,58.98,58.98,58.98,58.98
1520938800,59.0,59.0,59.0,59.0
1520942400,59.0,59.0,59.0,59.0
1520946000,58.89,58.99,58.89,58.98
1520947800,58.97999954223633,59.4900016784668,58.970001220703125,59.27000045776367
1520951400,59.310001373291016,59.31999969482422,58.650001525878906,58.88999938964844
1520955000,58.95000076293945,59.130001068115234,58.689998626708984,58.689998626708984
1520958600,58.70500183105469,59.0099983215332,58.70500183105469,58.790000915527344
1520962200,58.779998779296875,58.880001068115234,58.52000045776367,58.845001220703125
1520965800,58.845001220703125,58.90999984741211,58.439998626708984,58.5099983215332
1520969400,58.529998779296875,58.61000061035156,58.279998779296875,58.54999923706055
1520971200,58.55,58.55,58.55,58.55
1520974800,58.55,58.55,58.43,58.55
1521034200,58.84000015258789,59.290000915527344,58.59000015258789,59.0099983215332
1521037800,59.0099983215332,59.099998474121094,58.70000076293945,58.91999816894531
1521041400,58.91999816894531,59.255001068115234,58.77000045776367,59.18000030517578
1521045000,59.189998626708984,59.209999084472656,58.9900016784668,59.11000061035156
1521048600,59.14500045776367,59.36000061035156,59.04999923706055,59.11000061035156
1521052200,59.099998474121094,59.150001525878906,58.880001068115234,58.8849983215332
1521055800,58.88999938964844,59.0099983215332,58.79999923706055,58.939998626708984
1521057600,58.92,58.9953,58.92,58.92
1521120600,59.255001068115234,59.86000061035156,59.255001068115234,59.60499954223633
1521124200,59.560001373291016,59.71500015258789,59.22999954223633,59.40999984741211
1521127800,59.369998931884766,59.380001068115234,58.3849983215332,58.3849983215332
1521131400,58.375,58.45000076293945,57.93000030517578,58.150001525878906
1521135000,58.150001525878906,58.22999954223633,57.88999938964844,57.939998626708984
1521138600,57.91999816894531,58.0348014831543,57.720001220703125,57.970001220703125
1521142200,57.97999954223633,58.11000061035156,57.8650016784668,57.91999816894531
1521144000,57.91,57.92,57.9,57.92
1521205200,57.86,58.04,57.86,58.04
1521207000,58.290000915527344,58.869998931884766,58.290000915527344,58.84000015258789
1521210600,58.84000015258789,59.0,58.470001220703125,58.7400016784668
1521214200,58.79999923706055,59.29999923706055,58.79999923706055,59.290000915527344
1521217800,59.29999923706055,59.33000183105469,58.869998931884766,58.970001220703125
1521221400,58.959999084472656,59.130001068115234,58.68000030517578,58.72999954223633
1521225000,58.709999084472656,58.82500076293945,58.630001068115234,58.7599983215332
1521228600,58.744998931884766,58.790000915527344,58.5099983215332,58.5099983215332
1521230400,58.53,58.7357,58.528,58.6597
1521234000,58.53,58.53,58.53,58.53
1521466200,57.95000076293945,58.43000030517578,57.95000076293945,58.060001373291016
1521469800,58.04999923706055,58.20000076293945,57.56999969482422,57.875
1521473400,57.880001068115234,57.93000030517578,57.220001220703125,57.46500015258789
1521477000,57.470001220703125,57.470001220703125,56.720001220703125,56.779998779296875
1521480600,56.7599983215332,57.279998779296875,56.7599983215332,56.97999954223633
1521484200,56.95000076293945,56.95000076293945,56.630001068115234,56.779998779296875
1521487800,56.7599983215332,57.06999969482422,56.72999954223633,57.029998779296875
1521489600,57.02,57.02,56.8563,57.0132
1521493200,57.02,57.4,57.02,57.2
1521552600,57.619998931884766,58.38999938964844,57.619998931884766,58.11000061035156
1521556200,58.13999938964844,58.75,57.9900016784668,58.75
1521559800,58.779998779296875,59.34989929199219,58.77000045776367,59.029998779296875
1521563400,58.959999084472656,59.0,58.61000061035156,58.68000030517578
1521567000,58.70000076293945,58.7599983215332,58.35499954223633,58.439998626708984
1521570600,58.439998626708984,58.77000045776367,58.380001068115234,58.720001220703125
1521574200,58.720001220703125,58.7400016784668,58.43000030517578,58.47999954223633
1521576000,58.48,58.77,58.48,58.77
1521579600,58.48,58.48,58.48,58.48
1521639000,59.04999923706055,60.4900016784668,58.970001220703125,60.279998779296875
1521642600,60.36000061035156,61.15999984741211,60.349998474121094,61.130001068115234
1521646200,61.16999816894531,61.290000915527344,60.97999954223633,61.1349983215332
1521649800,61.11000061035156,61.400001525878906,61.11000061035156,61.2400016784668
1521653400,61.25,61.619998931884766,61.029998779296875,61.38999938964844
1521657000,61.3849983215332,61.61000061035156,60.91999816894531,61.349998474121094
1521660600,61.349998474121094,61.540000915527344,61.244998931884766,61.5099983215332
1521662400,61.32,61.5,61.075,61.46
1521666000,61.4,61.5,61.4,61.5
1521673200,61.55,61.55,61.55,61.55
1521720000,60.52,60.52,60.52,60.52
1521723600,60.25,60.25,60.25,60.25
1521725400,60.5099983215332,61.27000045776367,60.5099983215332,61.189998626708984
1521729000,61.099998474121094,61.130001068115234,60.369998931884766,60.41999816894531
1521732600,60.439998626708984,61.06999969482422,60.150001525878906,61.029998779296875
1521736200,61.09000015258789,61.33000183105469,60.88999938964844,61.33000183105469
1521739800,61.31999969482422,61.38999938964844,61.04999923706055,61.18000030517578
1521743400,61.16999816894531,61.461700439453125,60.84000015258789,60.85499954223633
1521747000,60.83000183105469,60.94499969482422,60.529998779296875,60.650001525878906
1521748800,60.66,60.9407,60.65,60.66
1521752400,60.66,60.66,60.66,60.66
1521806400,60.0,60.0,60.0,60.0
1521811800,61.380001068115234,62.209999084472656,61.099998474121094,62.025001525878906
1521815400,62.099998474121094,62.900001525878906,62.02000045776367,62.470001220703125
1521819000,62.5099983215332,62.75,62.279998779296875,62.599998474121094
1521822600,62.59000015258789,62.59000015258789,62.119998931884766,62.29499816894531
1521826200,62.34000015258789,62.994998931884766,62.33000183105469,62.994998931884766
1521829800,62.9900016784668,63.040000915527344,61.68000030517578,61.77000045776367
1521833400,61.75,61.90999984741211,61.400001525878906,61.58000183105469
1521835200,61.56,62.1848,61.56,61.56
1521838800,61.56,61.56,61.56,61.56
1522071000,62.43000030517578,62.599998474121094,61.79999923706055,61.88999938964844
1522074600,61.88999938964844,61.959999084472656,60.75,61.09000015258789
1522078200,61.029998779296875,61.630001068115234,61.029998779296875,61.45000076293945
1522081800,61.439998626708984,61.72999954223633,61.400001525878906,61.72999954223633
1522085400,61.75,62.15999984741211,61.65999984741211,61.91999816894531
1522089000,61.95000076293945,62.5099983215332,61.84000015258789,62.47999954223633
1522092600,62.470001220703125,62.685001373291016,62.369998931884766,62.599998474121094
1522094400,62.59,62.61,61.44,62.59
1522098000,62.59,62.59,62.59,62.59
1522101600,62.59,62.59,62.59,62.59
1522152000,63.04,63.05,63.04,63.05
1522157400,62.849998474121094,62.915000915527344,62.380001068115234,62.380001068115234
1522161000,62.34000015258789,62.4900016784668,61.95500183105469,61.95500183105469
1522164600,61.97999954223633,62.720001220703125,61.93000030517578,62.720001220703125
1522168200,62.689998626708984,62.689998626708984,62.279998779296875,62.279998779296875
1522171800,62.31999969482422,62.349998474121094,61.65999984741211,61.68000030517578
1522175400,61.65999984741211,61.72999954223633,60.90999984741211,60.93000030517578
1522179000,60.915000915527344,60.939998626708984,60.400001525878906,60.810001373291016
1522180800,60.8,61.7127,60.8,61.7014
1522184400,60.8,60.8,60.8,60.8
1522188000,60.8,60.8,60.8,60.8
1522191600,62.66,62.66,62.66,62.66
1522238400,60.6,60.6,60.6,60.6
1522243800,61.11000061035156,61.58000183105469,59.654998779296875,60.0
1522247400,60.20000076293945,60.290000915527344,59.54999923706055,59.54999923706055
1522251000,59.52000045776367,59.900001525878906,59.349998474121094,59.650001525878906
1522254600,59.650001525878906,59.7599983215332,59.34000015258789,59.51499938964844
1522258200,59.529998779296875,59.7599983215332,59.45000076293945,59.45000076293945
1522261800,59.439998626708984,59.497501373291016,58.7599983215332,58.93000030517578
1522265400,58.93000030517578,59.2599983215332,58.88999938964844,58.90999984741211
1522267200,58.9,59.6239,58.9,59.6239
1522270800,58.9,58.9,58.9,58.9
1522274400,58.9,58.9,58.9,58.9
1522330200,59.45000076293945,60.099998474121094,59.220001220703125,60.0
1522333800,60.029998779296875,60.41999816894531,59.959999084472656,60.279998779296875
1522337400,60.22999954223633,60.22999954223633,59.880001068115234,60.09000015258789
1522341000,60.08000183105469,60.099998474121094,59.7599983215332,59.810001373291016
1522344600,59.81999969482422,60.38999938964844,59.790000915527344,60.220001220703125
1522348200,60.22999954223633,60.529998779296875,60.13999938964844,60.400001525878906
1522351800,60.41999816894531,60.68000030517578,60.33000183105469,60.41999816894531
1522353600,60.41,60.41,60.1148,60.1214
1522666800,60.45,60.45,60.45,60.45
1522675800,60.0099983215332,60.029998779296875,59.08000183105469,59.150001525878906
1522679400,59.16999816894531,59.310001373291016,58.119998931884766,58.369998931884766
1522683000,58.40999984741211,58.435001373291016,57.279998779296875,57.5
1522686600,57.470001220703125,57.810001373291016,57.15999984741211,57.15999984741211
1522690200,57.154998779296875,57.415000915527344,56.79999923706055,57.099998474121094
1522693800,57.06999969482422,58.099998474121094,57.064998626708984,57.994998931884766
1522697400,58.02510070800781,58.31999969482422,57.93000030517578,58.15999984741211
1522699200,58.17,58.25,58.0565,58.158
1522706400,58.17,58.17,58.17,58.17
1522756800,58.17,58.17,58.17,58.17
1522762200,58.564998626708984,58.564998626708984,57.400001525878906,57.810001373291016
1522765800,57.79999923706055,58.75749969482422,57.79999923706055,58.65999984741211
1522769400,58.61000061035156,58.63999938964844,58.15999984741211,58.185001373291016
1522773000,58.189998626708984,58.88999938964844,58.189998626708984,58.81999969482422
1522776600,58.849998474121094,58.849998474121094,58.380001068115234,58.52000045776367
1522780200,58.529998779296875,59.310001373291016,58.33000183105469,59.08000183105469
1522783800,59.08000183105469,59.209999084472656,58.779998779296875,59.20000076293945
1522785600,59.2,59.2,58.6242,59.2
1522789200,59.2,59.2,59.2,59.2
1522848600,57.869998931884766,58.36000061035156,57.63999938964844,58.11000061035156
1522852200,58.2400016784668,58.560001373291016,58.029998779296875,58.40999984741211
1522855800,58.36000061035156,58.689998626708984,58.09000015258789,58.6150016784668
1522859400,58.66999816894531,58.66999816894531,57.97999954223633,58.040000915527344
1522863000,58.040000915527344,58.4900016784668,57.970001220703125,58.345001220703125
1522866600,58.36000061035156,59.02000045776367,58.27000045776367,58.959999084472656
1522870200,58.959999084472656,59.2400016784668,58.959999084472656,59.06999969482422
1522872000,59.08,59.08,59.08,59.08
1522929600,59.08,59.08,59.08,59.08
1522933200,59.36,59.39,59.36,59.39
1522935000,59.439998626708984,60.45000076293945,59.41999816894531,60.099998474121094
1522938600,59.97999954223633,60.5,59.59000015258789,60.36000061035156
1522942200,60.34000015258789,60.599998474121094,60.21500015258789,60.54999923706055
1522945800,60.59000015258789,60.779998779296875,60.119998931884766,60.15999984741211
1522949400,60.119998931884766,60.28049850463867,59.95000076293945,60.04999923706055
1522953000,60.060001373291016,60.43000030517578,60.060001373291016,60.290000915527344
1522956600,60.310001373291016,60.36000061035156,60.09000015258789,60.11000061035156
1522958400,60.11,60.1952,60.0,60.11
1522965600,60.2,60.2,60.2,60.2
1523021400,59.540000915527344,60.22999954223633,59.540000915527344,60.0099983215332
1523025000,60.0099983215332,60.02000045776367,59.270999908447266,59.470001220703125
1523028600,59.54999923706055,59.81999969482422,59.369998931884766,59.38999938964844
1523032200,59.38999938964844,59.5099983215332,59.1150016784668,59.16999816894531
1523035800,59.16999816894531,59.220001220703125,58.470001220703125,58.619998931884766
1523039400,58.599998474121094,58.65999984741211,57.75,58.31999969482422
1523043000,58.32500076293945,59.0099983215332,58.29999923706055,58.849998474121094
1523044800,58.86,60.18,58.8529,59.57
1523278800,58.86,58.86,58.86,58.86
1523280600,59.45000076293945,60.15999984741211,59.18000030517578,59.95000076293945
1523284200,59.970001220703125,60.689998626708984,59.970001220703125,60.5
1523287800,60.560001373291016,60.709999084472656,60.45000076293945,60.599998474121094
1523291400,60.599998474121094,61.0099983215332,60.560001373291016,60.91999816894531
1523295000,60.935001373291016,60.94160079956055,60.40999984741211,60.43000030517578
1523298600,60.40999984741211,60.45000076293945,60.040000915527344,60.2599983215332
1523302200,60.2599983215332,60.43000030517578,59.81999969482422,59.83000183105469
1523304000,59.83,60.595,59.83,59.83
1523361600,60.76,60.78,60.76,60.78
1523367000,60.84000015258789,61.36000061035156,60.720001220703125,61.2599983215332
1523370600,61.2400016784668,62.064998626708984,61.2400016784668,61.939998626708984
1523374200,61.970001220703125,62.31999969482422,61.810001373291016,61.95000076293945
1523377800,61.974998474121094,62.29999923706055,61.959999084472656,62.255001068115234
1523381400,62.279998779296875,62.47999954223633,62.18320083618164,62.31999969482422
1523385000,62.310001373291016,62.68000030517578,62.189998626708984,62.25
1523388600,62.25,62.25,61.720001220703125,61.790000915527344
1523390400,61.81,61.9,61.73,61.81
1523394000,61.81,61.81,61.81,61.81
1523397600,62.09,62.09,62.0,62.08
1523401200,61.85,62.56,61.85,62.56
1523448000,61.98,61.98,61.98,61.98
1523451600,62.0,62.0,61.5,61.5
1523453400,61.95000076293945,62.88999938964844,61.95000076293945,62.63999938964844
1523457000,62.43000030517578,62.970001220703125,62.27000045776367,62.81999969482422
1523460600,62.84000015258789,63.36000061035156,62.744998931884766,63.189998626708984
1523464200,63.209999084472656,63.25,62.939998626708984,63.119998931884766
1523467800,63.150001525878906,63.16999816894531,62.72999954223633,63.02000045776367
1523471400,63.0099983215332,63.35499954223633,63.0099983215332,63.34000015258789
1523475000,63.34000015258789,63.459999084472656,63.16999816894531,63.20000076293945
1523476800,63.2,63.29,63.0249,63.2
1523480400,63.2,63.2,63.2,63.2
1523484000,63.4,63.4,63.4,63.4
1523487600,63.4,63.4,63.4,63.4
1523534400,63.5,63.5,63.5,63.5
1523538000,63.2,63.2,63.14,63.14
1523539800,63.15999984741211,63.52000045776367,62.650001525878906,62.779998779296875
1523543400,62.869998931884766,62.97999954223633,62.439998626708984,62.5
1523547000,62.52000045776367,62.83000183105469,62.439998626708984,62.72999954223633
1523550600,62.7400016784668,63.04999923706055,62.630001068115234,62.70000076293945
1523554200,62.65999984741211,63.185001373291016,62.63999938964844,63.18000030517578
1523557800,63.189998626708984,63.189998626708984,62.900001525878906,63.064998626708984
1523561400,63.05500030517578,63.084999084472656,62.730098724365234,62.77000045776367
1523563200,62.75,64.0,62.75,62.75
1523626200,63.38999938964844,63.619998931884766,62.90999984741211,63.029998779296875
1523629800,63.0,63.40999984741211,62.709999084472656,63.33000183105469
1523633400,63.334999084472656,63.59000015258789,63.17499923706055,63.36000061035156
1523637000,63.38999938964844,63.59000015258789,63.2599983215332,63.59000015258789
1523640600,63.61000061035156,63.70000076293945,63.189998626708984,63.22999954223633
1523644200,63.209999084472656,63.2400016784668,62.880001068115234,63.06999969482422
1523647800,63.04999923706055,63.099998474121094,62.939998626708984,63.02000045776367
1523649600,63.03,63.2262,63.03,63.03
1523876400,63.3,63.3,63.3,63.3
1523880000,62.99,62.99,62.99,62.99
1523883600,62.99,63.46,62.99,63.45
1523885400,63.56999969482422,63.61000061035156,62.83000183105469,63.41999816894531
1523889000,63.4900016784668,63.63999938964844,63.29999923706055,63.40999984741211
1523892600,63.43000030517578,63.779998779296875,63.41999816894531,63.613399505615234
1523896200,63.619998931884766,63.790000915527344,63.474998474121094,63.474998474121094
1523899800,63.474998474121094,63.79999923706055,63.44499969482422,63.65999984741211
1523903400,63.650001525878906,63.73500061035156,63.42319869995117,63.529998779296875
1523907000,63.5099983215332,63.54499816894531,63.41999816894531,63.470001220703125
1523908800,63.46,63.4998,63.46,63.46
1523916000,63.46,63.46,63.46,63.46
1523971800,63.54999923706055,64.18000030517578,63.350101470947266,64.06999969482422
1523975400,64.04000091552734,64.20999908447266,63.83000183105469,64.05000305175781
1523979000,64.05000305175781,64.19999694824219,63.97999954223633,64.19000244140625
1523982600,64.19999694824219,64.29000091552734,64.02999877929688,64.19999694824219
1523986200,64.22000122070312,64.31999969482422,64.08000183105469,64.2300033569336
1523989800,64.25499725341797,64.37000274658203,64.16999816894531,64.2699966430664
1523993400,64.2699966430664,64.31500244140625,64.05999755859375,64.06500244140625
1523995200,64.06,64.1286,64.06,64.06
1523998800,64.06,64.06,64.06,64.06
1524002400,64.0,64.0,64.0,64.0
1524052800,64.06,64.06,64.06,64.06
1524056400,64.73,64.73,64.73,64.73
1524058200,64.83999633789062,65.48999786376953,64.83999633789062,65.08000183105469
1524061800,65.08000183105469,65.83000183105469,65.08000183105469,65.77999877929688
1524065400,65.77999877929688,66.41000366210938,65.67400360107422,66.37999725341797
1524069000,66.37999725341797,66.4000015258789,66.12999725341797,66.4000015258789
1524072600,66.41999816894531,66.88999938964844,66.26000213623047,66.87000274658203
1524076200,66.86000061035156,67.12999725341797,66.70999908447266,66.7750015258789
1524079800,66.76499938964844,66.78500366210938,66.27999877929688,66.36000061035156
1524081600,66.35,66.35,66.2306,66.35
1524085200,66.35,66.35,66.35,66.35
1524139200,66.76,66.76,66.76,66.76
1524142800,66.5,66.7,66.5,66.7
1524144600,66.44999694824219,66.80000305175781,65.58000183105469,66.61000061035156
1524148200,66.62999725341797,67.2300033569336,66.43000030517578,67.18000030517578
1524151800,67.20999908447266,67.20999908447266,66.33999633789062,66.3499984741211
1524155400,66.4000015258789,66.4800033569336,65.91000366210938,66.0199966430664
1524159000,65.98999786376953,66.19499969482422,65.91999816894531,66.19000244140625
1524162600,66.16999816894531,66.30999755859375,66.11000061035156,66.13999938964844
1524166200,66.12000274658203,66.33999633789062,66.0,66.05999755859375
1524168000,66.08,66.08,66.08,66.08
1524171600,65.85,65.85,65.85,65.85
1524231000,65.87999725341797,66.20999908447266,65.38999938964844,65.94000244140625
1524234600,65.91999816894531,66.08999633789062,65.66999816894531,66.08000183105469
1524238200,66.06999969482422,66.25,66.06999969482422,66.16999816894531
1524241800,66.16500091552734,66.55999755859375,66.05999755859375,66.54499816894531
1524245400,66.56999969482422,66.94000244140625,66.55500030517578,66.68000030517578
1524249000,66.66999816894531,66.71499633789062,66.04000091552734,66.12000274658203
1524252600,66.11000061035156,66.5250015258789,66.00499725341797,66.5
1524254400,66.49,66.49,66.482,66.49
1524488400,66.29,66.29,66.29,66.29
1524490200,66.12000274658203,66.76000213623047,65.88999938964844,66.27999877929688
1524493800,66.31999969482422,67.33999633789062,66.1500015258789,67.18000030517578
1524497400,67.0999984741211,67.0999984741211,66.5199966430664,66.56999969482422
1524501000,66.55999755859375,66.69499969482422,66.45999908447266,66.55000305175781
1524504600,66.55000305175781,66.77999877929688,66.45999908447266,66.63999938964844
1524508200,66.63999938964844,66.78500366210938,66.5199966430664,66.7300033569336
1524511800,66.7249984741211,66.77999877929688,66.55000305175781,66.76499938964844
1524513600,66.78,66.78,66.653,66.78
1524576600,67.0,67.25,66.68000030517578,67.16000366210938
1524580200,67.15499877929688,67.2300033569336,66.23999786376953,66.68000030517578
1524583800,66.72000122070312,66.73999786376953,66.0199966430664,66.1500015258789
1524587400,66.1500015258789,66.25,65.74749755859375,65.87999725341797
1524591000,65.91000366210938,65.9800033569336,65.05000305175781,65.6500015258789
1524594600,65.63999938964844,66.25,65.55999755859375,66.04000091552734
1524598200,66.05999755859375,66.12999725341797,65.76000213623047,66.08999633789062
1524600000,66.09,66.1,65.99,65.99
1524657600,65.95,65.95,65.95,65.95
1524661200,66.09,66.09,66.09,66.09
1524663000,65.91000366210938,66.83000183105469,65.80000305175781,66.5999984741211
1524666600,66.37000274658203,66.95999908447266,66.04499816894531,66.95999908447266
1524670200,66.94999694824219,67.0,66.44999694824219,66.66000366210938
1524673800,66.6500015258789,66.79000091552734,66.40499877929688,66.62999725341797
1524677400,66.66000366210938,67.0,66.62999725341797,66.87999725341797
1524681000,66.88890075683594,67.06999969482422,66.69999694824219,66.83000183105469
1524684600,66.77999877929688,66.8949966430664,66.58000183105469,66.80999755859375
1524686400,66.83,66.83,66.83,66.83
1524749400,67.1709976196289,67.37000274658203,66.68000030517578,66.68000030517578
1524753000,66.65499877929688,67.48999786376953,66.65499877929688,67.47000122070312
1524756600,67.43000030517578,67.4800033569336,67.22000122070312,67.28500366210938
1524760200,67.30999755859375,67.30999755859375,66.91000366210938,66.94999694824219
1524763800,66.94000244140625,67.31999969482422,66.88999938964844,67.2699966430664
1524767400,67.27999877929688,67.55000305175781,67.27549743652344,67.41000366210938
1524771000,67.44499969482422,67.69000244140625,67.44499969482422,67.51000213623047
1524772800,67.5,67.5,67.3046,67.5
1524776400,67.5,67.5,67.5,67.5
1524780000,67.5,67.5,67.5,67.5
1524783600,67.65,67.65,67.65,67.65
1524830400,67.52,67.52,67.52,67.52
1524834000,67.5,67.5,66.87,67.01
1524835800,66.91999816894531,67.3499984741211,66.48999786376953,67.06999969482422
1524839400,67.08000183105469,67.12000274658203,66.5999984741211,67.02999877929688
1524843000,67.0,67.2699966430664,66.76000213623047,67.26499938964844
1524846600,67.29499816894531,67.47000122070312,67.2300033569336,67.37000274658203
1524850200,67.36000061035156,67.38999938964844,67.12999725341797,67.18000030517578
1524853800,67.16500091552734,67.2300033569336,67.02999877929688,67.0999984741211
1524857400,67.06999969482422,67.16000366210938,66.93000030517578,67.05000305175781
1524859200,67.05,67.0698,67.05,67.05
1524862800,67.04,67.04,67.04,67.04
1525095000,66.51000213623047,67.72000122070312,66.51000213623047,67.31999969482422
1525098600,67.27999877929688,67.62999725341797,67.23999786376953,67.44999694824219
1525102200,67.44999694824219,67.5199966430664,67.26000213623047,67.44580078125
1525105800,67.44999694824219,68.18000030517578,67.30999755859375,68.0
1525109400,67.96499633789062,68.12999725341797,67.63999938964844,67.69000244140625
1525113000,67.68000030517578,67.75,67.41999816894531,67.43000030517578
1525116600,67.41999816894531,67.66000366210938,67.26000213623047,67.30999755859375
1525118400,67.32,67.32,67.32,67.32
1525181400,66.93000030517578,67.20999908447266,66.5199966430664,66.66999816894531
1525185000,66.6500015258789,66.76000213623047,66.06999969482422,66.63999938964844
1525188600,66.62000274658203,66.79000091552734,66.47000122070312,66.72000122070312
1525192200,66.70999908447266,66.70999908447266,66.11000061035156,66.23999786376953
1525195800,66.25,66.43000030517578,65.91000366210938,66.33999633789062
1525199400,66.33999633789062,66.70999908447266,66.30999755859375,66.41500091552734
1525203000,66.43000030517578,66.56999969482422,66.3499984741211,66.51000213623047
1525204800,66.52,66.7,65.25,65.25
1525208400,66.512,66.512,66.512,66.512
1525212000,65.26,65.26,65.26,65.26
1525258800,65.26,65.26,65.26,65.26
1525262400,65.5,65.5,65.5,65.5
1525266000,66.0,66.5,66.0,66.5
1525267800,66.6500015258789,66.69499969482422,65.12999725341797,65.54000091552734
1525271400,65.44999694824219,65.88999938964844,65.23999786376953,65.69999694824219
1525275000,65.73999786376953,65.80000305175781,65.44000244140625,65.58989715576172
1525278600,65.63999938964844,66.2699966430664,65.45999908447266,66.26000213623047
1525282200,66.29000091552734,66.48999786376953,65.94660186767578,66.44000244140625
1525285800,66.38999938964844,66.44999694824219,65.81999969482422,65.87999725341797
1525289400,65.87999725341797,65.9800033569336,65.54000091552734,65.55000305175781
1525291200,65.57,65.8763,65.57,65.57
1525294800,65.57,65.57,65.57,65.57
1525302000,65.57,65.57,65.57,65.57
1525348800,65.59,65.59,65.59,65.59
1525354200,65.36750030517578,66.2699966430664,65.25,65.4000015258789
1525357800,65.38999938964844,65.38999938964844,64.91000366210938,65.02999877929688
1525361400,65.05999755859375,65.48999786376953,65.05999755859375,65.23999786376953
1525365000,65.30000305175781,66.12000274658203,65.30000305175781,66.05999755859375
1525368600,66.0999984741211,66.55000305175781,66.0999984741211,66.19999694824219
1525372200,66.2300033569336,66.47000122070312,66.0999984741211,66.2699966430664
1525375800,66.26000213623047,66.29499816894531,65.94499969482422,66.03500366210938
1525377600,66.03,66.03,65.8259,66.03
1525381200,66.0221,66.0221,66.0221,66.0221
1525384800,66.3,66.3,66.3,66.3
1525438800,66.0,66.0,66.0,66.0
1525440600,65.81999969482422,66.08000183105469,65.58000183105469,66.0199966430664
1525444200,66.05999755859375,66.18000030517578,65.76000213623047,65.97000122070312
1525447800,65.96499633789062,66.57499694824219,65.96499633789062,66.47000122070312
1525451400,66.4800033569336,66.63999938964844,66.12000274658203,66.27999877929688
1525455000,66.2699966430664,66.7300033569336,66.2300033569336,66.72000122070312
1525458600,66.73999786376953,66.73999786376953,66.43000030517578,66.69999694824219
1525462200,66.70999908447266,66.75,66.41000366210938,66.61000061035156
1525464000,66.58,66.588,66.3383,66.588
1525467600,66.5,66.58,66.5,66.58
1525474800,66.5,66.5,66.5,66.5
1525698000,67.22,67.22,67.22,67.22
1525699800,67.12999725341797,68.75,67.12999725341797,67.63999938964844
1525703400,67.58999633789062,67.73999786376953,67.30000305175781,67.43000030517578
1525707000,67.44000244140625,67.52999877929688,67.18000030517578,67.31999969482422
1525710600,67.37000274658203,67.55000305175781,67.32499694824219,67.37999725341797
1525714200,67.4000015258789,67.44499969482422,67.19999694824219,67.27999877929688
1525717800,67.26000213623047,67.33999633789062,66.0,66.29000091552734
1525721400,66.2699966430664,66.41999816894531,65.94000244140625,65.98999786376953
1525723200,66.0,66.9522,66.0,66.0
1525726800,66.3,66.3,66.3,66.3
1525780800,66.5,66.5,66.5,66.5
1525784400,65.0,67.19,65.0,66.95
1525786200,65.69000244140625,66.29000091552734,65.51000213623047,65.79000091552734
1525789800,65.77999877929688,66.0,64.83000183105469,65.30999755859375
1525793400,65.26000213623047,66.05999755859375,65.16000366210938,65.80000305175781
1525797000,65.7699966430664,66.0,65.70999908447266,65.95999908447266
1525800600,66.0,67.05000305175781,65.68000030517578,66.29000091552734
1525804200,66.3499984741211,67.0199966430664,65.91999816894531,66.87000274658203
1525807800,66.8499984741211,67.04499816894531,66.73999786376953,67.04499816894531
1525809600,67.04,67.04,66.9508,67.04
1525813200,67.2,67.2,67.2,67.2
1525816800,67.45,67.45,67.45,67.45
1525867200,67.71,68.25,67.71,68.25
1525870800,68.2498,68.37,68.1,68.37
1525872600,68.44999694824219,68.80000305175781,67.43000030517578,68.33499908447266
1525876200,68.31999969482422,68.68000030517578,66.83999633789062,67.0
1525879800,66.97000122070312,67.86000061035156,66.73999786376953,67.72000122070312
1525883400,67.7300033569336,67.94000244140625,67.55500030517578,67.56500244140625
1525887000,67.56999969482422,67.97850036621094,67.40499877929688,67.70999908447266
1525890600,67.69999694824219,68.0,67.61499786376953,67.66000366210938
1525894200,67.67500305175781,67.71499633789062,67.31999969482422,67.41000366210938
1525896000,67.44,67.79,67.44,67.57
1525899600,67.4481,67.4481,67.4481,67.4481
1525906800,67.68,67.68,67.68,67.68
1525957200,67.81,67.81,67.8,67.8
1525959000,68.12000274658203,68.30999755859375,67.53500366210938,68.28500366210938
1525962600,68.27999877929688,68.3499984741211,67.7699966430664,68.2300033569336
1525966200,68.19999694824219,68.48999786376953,68.05999755859375,68.4000015258789
1525969800,68.36000061035156,68.54000091552734,68.27999877929688,68.5199966430664
1525973400,68.5,68.63999938964844,68.41999816894531,68.63999938964844
1525977000,68.66000366210938,68.83999633789062,68.58000183105469,68.63999938964844
1525980600,68.63999938964844,68.66000366210938,68.30999755859375,68.37999725341797
1525982400,68.39,68.39,68.1,68.39
1526043600,68.39,68.39,68.39,68.39
1526045400,68.91500091552734,69.0999984741211,68.33000183105469,68.41999816894531
1526049000,68.36000061035156,69.26000213623047,68.3499984741211,69.06999969482422
1526052600,69.06999969482422,69.12999725341797,68.70999908447266,68.87999725341797
1526056200,68.91000366210938,69.03500366210938,68.56999969482422,68.6449966430664
1526059800,68.62000274658203,68.63500213623047,68.37999725341797,68.41000366210938
1526063400,68.4000015258789,68.41999816894531,68.04000091552734,68.05999755859375
1526067000,68.05000305175781,68.33000183105469,68.02999877929688,68.27999877929688
1526068800,68.31,68.31,68.3,68.3
1526072400,68.14,68.14,68.14,68.14
1526299200,68.61,68.61,68.61,68.61
1526302800,68.45,68.61,68.31,68.61
1526304600,68.74500274658203,69.91999816894531,68.74500274658203,69.63480377197266
1526308200,69.6500015258789,69.86000061035156,69.29000091552734,69.30999755859375
1526311800,69.30000305175781,69.52999877929688,69.16000366210938,69.18000030517578
1526315400,69.18000030517578,69.41000366210938,69.12000274658203,69.30999755859375
1526319000,69.29000091552734,69.31999969482422,69.08000183105469,69.26000213623047
1526322600,69.25,69.44000244140625,69.19000244140625,69.3499984741211
1526326200,69.3499984741211,69.37000274658203,69.0999984741211,69.20999908447266
1526328000,69.22,69.35,69.2,69.2
1526331600,69.2,69.2,69.2,69.2
1526385600,69.5,69.5,69.5,69.5
1526389200,69.05,69.05,69.01,69.01
1526391000,69.11000061035156,69.41000366210938,68.87560272216797,69.3499984741211
1526394600,69.27999877929688,69.75,69.22000122070312,69.72000122070312
1526398200,69.71499633789062,69.95999908447266,69.62000274658203,69.92420196533203
1526401800,69.93000030517578,70.25,69.72000122070312,69.80999755859375
1526405400,69.80999755859375,69.83999633789062,69.44999694824219,69.60169982910156
1526409000,69.58999633789062,69.77999877929688,69.36499786376953,69.43000030517578
1526412600,69.41999816894531,69.70500183105469,69.37000274658203,69.69000244140625
1526414400,69.69,69.9,69.48,69.5
1526418000,69.5,69.69,69.5,69.69
1526421600,69.8,69.8,69.8,69.8
1526425200,69.8,69.8,69.8,69.8
1526472000,69.71,69.71,69.71,69.71
1526475600,69.72,70.15,69.72,70.15
1526477400,70.08000183105469,70.45999908447266,69.69000244140625,69.98780059814453
1526481000,70.05000305175781,70.66000366210938,70.01000213623047,70.11000061035156
1526484600,70.0999984741211,70.4000015258789,69.86990356445312,70.38999938964844
1526488200,70.31999969482422,70.58000183105469,70.31999969482422,70.45999908447266
1526491800,70.44999694824219,70.56999969482422,70.30500030517578,70.43000030517578
1526495400,70.41999816894531,70.44000244140625,70.2699966430664,70.30999755859375
1526499000,70.30999755859375,70.37999725341797,70.13999938964844,70.31999969482422
1526500800,70.32,70.3284,70.2622,70.3284
1526504400,70.32,70.32,70.32,70.32
1526562000,71.0,71.0,71.0,71.0
1526563800,70.69439697265625,71.63999938964844,70.6500015258789,71.41000366210938
1526567400,71.43000030517578,71.5999984741211,71.12000274658203,71.41999816894531
1526571000,71.41999816894531,71.58999633789062,71.37000274658203,71.52999877929688
1526574600,71.55999755859375,71.61499786376953,71.17500305175781,71.17500305175781
1526578200,71.22000122070312,71.28500366210938,70.9800033569336,71.27999877929688
1526581800,71.29000091552734,71.45999908447266,71.0999984741211,71.19000244140625
1526585400,71.19000244140625,71.32990264892578,71.04000091552734,71.13999938964844
1526587200,71.14,71.1485,71.14,71.14
1526590800,71.14,71.14,71.14,71.14
1526644800,71.4,71.4,71.4,71.4
1526648400,71.7,71.7,71.49,71.49
1526650200,71.0199966430664,71.36000061035156,70.58000183105469,70.79000091552734
1526653800,70.79000091552734,70.79000091552734,70.38999938964844,70.5
1526657400,70.52999877929688,70.94999694824219,70.51000213623047,70.7699966430664
1526661000,70.75,70.75,70.56999969482422,70.68000030517578
