1511188200,2.7100000381469727,2.7100000381469727,2.630000114440918,2.6549999713897705
1511191800,2.6549999713897705,2.694999933242798,2.6500000953674316,2.694999933242798
1511195400,2.694999933242798,2.700000047683716,2.6700000762939453,2.690000057220459
1511199000,2.6807000637054443,2.690000057220459,2.6700000762939453,2.6700000762939453
1511202600,2.674999952316284,2.690000057220459,2.6700000762939453,2.690000057220459
1511206200,2.690000057220459,2.690000057220459,2.6500000953674316,2.6500000953674316
1511209800,2.6549999713897705,2.6600000858306885,2.640000104904175,2.6549999713897705
1511211600,2.65,2.65,2.65,2.65
1511274600,2.680000066757202,2.7100000381469727,2.6700000762939453,2.700000047683716
1511278200,2.690000057220459,2.700000047683716,2.6465001106262207,2.6549999713897705
1511281800,2.6500000953674316,2.680000066757202,2.630000114440918,2.6389999389648438
1511285400,2.640000104904175,2.6700000762939453,2.640000104904175,2.6500000953674316
1511289000,2.6500000953674316,2.6500000953674316,2.609999895095825,2.630000114440918
1511292600,2.630000114440918,2.630000114440918,2.5799999237060547,2.5799999237060547
1511296200,2.5799999237060547,2.5899999141693115,2.569999933242798,2.5799999237060547
1511298000,2.59,2.59,2.59,2.59
1511359200,2.66,2.66,2.66,2.66
1511361000,2.6700000762939453,2.690000057220459,2.630000114440918,2.674999952316284
1511364600,2.6649999618530273,2.690000057220459,2.630000114440918,2.684999942779541
1511368200,2.684999942779541,2.690000057220459,2.6700000762939453,2.6700000762939453
1511371800,2.674999952316284,2.684999942779541,2.6700000762939453,2.6700000762939453
1511375400,2.674999952316284,2.680000066757202,2.6449999809265137,2.6600000858306885
1511379000,2.6649999618530273,2.6700000762939453,2.615000009536743,2.630000114440918
1511382600,2.625,2.630000114440918,2.615000009536743,2.619999885559082
1511384400,2.63,2.63,2.63,2.63
1511532000,2.72,2.72,2.7,2.7
1511533800,2.740000009536743,2.75,2.6600000858306885,2.690000057220459
1511537400,2.694999933242798,2.700000047683716,2.680000066757202,2.684999942779541
1511541000,2.690000057220459,2.700000047683716,2.680000066757202,2.684999942779541
1511544600,,,,
1511546400,2.684999942779541,2.690000057220459,2.674999952316284,2.680000066757202
1511791200,2.66,2.66,2.6,2.6
1511793000,2.6600000858306885,2.6600000858306885,2.5850000381469727,2.5950000286102295
1511796600,2.5950000286102295,2.5989999771118164,2.559999942779541,2.565000057220459
1511800200,2.565000057220459,2.5683999061584473,2.5399999618530273,2.549999952316284
1511803800,2.555000066757202,2.565000057220459,2.549999952316284,2.555000066757202
1511807400,2.555000066757202,2.559999942779541,2.549999952316284,2.555000066757202
1511811000,2.555000066757202,2.559000015258789,2.494999885559082,2.494999885559082
1511814600,2.494999885559082,2.509999990463257,2.490000009536743,2.494999885559082
1511816400,2.51,2.51,2.51,2.51
1511877600,2.72,2.72,2.72,2.72
1511879400,2.5,2.515000104904175,2.4709999561309814,2.515000104904175
1511883000,2.505000114440918,2.509999990463257,2.4749999046325684,2.4800000190734863
1511886600,2.4800000190734863,2.509999990463257,2.4700000286102295,2.5
1511890200,2.490000009536743,2.559999942779541,2.490000009536743,2.5299999713897705
1511893800,2.5250000953674316,2.5399999618530273,2.4800000190734863,2.505000114440918
1511897400,2.509999990463257,2.5350000858306885,2.490000009536743,2.509999990463257
1511901000,2.509999990463257,2.509999990463257,2.440000057220459,2.4600000381469727
1511902800,2.45,2.46,2.45,2.46
1511965800,2.4800000190734863,2.5199999809265137,2.4600000381469727,2.490000009536743
1511969400,2.484999895095825,2.569999933242798,2.4762001037597656,2.549999952316284
1511973000,2.549999952316284,2.5799999237060547,2.5399999618530273,2.555000066757202
1511976600,2.555000066757202,2.5999999046325684,2.5399999618530273,2.569999933242798
1511980200,2.569999933242798,2.6600000858306885,2.555000066757202,2.6500000953674316
1511983800,2.6500000953674316,2.690000057220459,2.640000104904175,2.690000057220459
1511987400,2.684999942779541,2.6989998817443848,2.6700000762939453,2.6700000762939453
1511989200,2.67,2.67,2.67,2.67
1512050400,2.72,2.72,2.68,2.68
1512052200,2.7100000381469727,2.773400068283081,2.7100000381469727,2.740000009536743
1512055800,2.7204999923706055,2.7799999713897705,2.7100000381469727,2.75
1512059400,2.75,2.75,2.7200000286102295,2.7300000190734863
1512063000,2.740000009536743,2.740000009536743,2.690000057220459,2.7200000286102295
1512066600,2.7200000286102295,2.744999885559082,2.700000047683716,2.740000009536743
1512070200,2.75,2.7699999809265137,2.7300000190734863,2.7699999809265137
1512073800,2.765000104904175,2.809999942779541,2.755000114440918,2.799999952316284
1512075600,2.8,2.8054,2.8,2.8054
1512136800,2.81,2.83,2.81,2.83
1512138600,2.8299999237060547,2.9800000190734863,2.8299999237060547,2.940000057220459
1512142200,2.940000057220459,2.9700000286102295,2.9200000762939453,2.930000066757202
1512145800,2.9200000762939453,2.950000047683716,2.9049999713897705,2.940000057220459
1512149400,2.940000057220459,2.9700000286102295,2.930000066757202,2.950000047683716
1512153000,2.9600000381469727,2.9649999141693115,2.940000057220459,2.950000047683716
1512156600,2.950000047683716,2.984999895095825,2.940000057220459,2.984999895095825
1512160200,2.9800000190734863,2.990000009536743,2.9600000381469727,2.9649999141693115
1512397800,2.940000057220459,2.9600000381469727,2.884999990463257,2.9100000858306885
1512401400,2.9100000858306885,2.9800000190734863,2.9100000858306885,2.9600000381469727
1512405000,2.9600000381469727,3.0250000953674316,2.9600000381469727,3.0
1512408600,2.994999885559082,3.009999990463257,2.9700000286102295,2.9800000190734863
1512412200,2.9800000190734863,2.990000009536743,2.944999933242798,2.950000047683716
1512415800,2.944999933242798,2.9649999141693115,2.9000000953674316,2.9049999713897705
1512419400,2.9000000953674316,2.9000000953674316,2.880000114440918,2.880000114440918
1512421200,2.89,2.89,2.89,2.89
1512484200,2.869999885559082,2.9100000858306885,2.819999933242798,2.8299999237060547
1512487800,2.825000047683716,2.8299999237060547,2.799999952316284,2.815000057220459
1512491400,2.809999942779541,2.819999933242798,2.7909998893737793,2.809999942779541
1512495000,2.815000057220459,2.8299999237060547,2.799999952316284,2.815000057220459
1512498600,2.815000057220459,2.819999933242798,2.7950000762939453,2.819999933242798
1512502200,2.809999942779541,2.8299999237060547,2.799999952316284,2.819999933242798
1512505800,2.819999933242798,2.8201000690460205,2.7950000762939453,2.799999952316284
1512507600,2.79,2.79,2.79,2.79
1512570600,2.7899999618530273,2.809999942779541,2.7200000286102295,2.759999990463257
1512574200,2.7699999809265137,2.815000057220459,2.759999990463257,2.772200107574463
1512577800,2.7699999809265137,2.7699999809265137,2.7009999752044678,2.7009999752044678
1512581400,2.7049999237060547,2.7100000381469727,2.69320011138916,2.694999933242798
1512585000,2.700000047683716,2.7200000286102295,2.674999952316284,2.674999952316284
1512588600,2.680000066757202,2.684999942779541,2.6500000953674316,2.6549999713897705
1512592200,2.6549999713897705,2.6549999713897705,2.619999885559082,2.640000104904175
1512594000,2.64,2.65,2.64,2.65
1512655200,2.65,2.65,2.65,2.65
1512657000,2.6700000762939453,2.7100000381469727,2.6500000953674316,2.680000066757202
1512660600,2.690000057220459,2.700000047683716,2.6700000762939453,2.674999952316284
1512664200,2.680000066757202,2.694999933242798,2.6700000762939453,2.694999933242798
1512667800,2.700000047683716,2.7200000286102295,2.680000066757202,2.694999933242798
1512671400,2.694999933242798,2.694999933242798,2.680000066757202,2.690000057220459
1512675000,2.690000057220459,2.7049999237060547,2.681999921798706,2.691499948501587
1512678600,2.694999933242798,2.700000047683716,2.6600000858306885,2.6600000858306885
1512680400,2.66,2.66,2.66,2.66
1512741600,2.69,2.71,2.69,2.71
1512743400,2.690000057220459,2.7200000286102295,2.6600000858306885,2.6600000858306885
1512747000,2.6649999618530273,2.700000047683716,2.6649999618530273,2.674999952316284
1512750600,2.674999952316284,2.704900026321411,2.674999952316284,2.700000047683716
1512754200,2.690000057220459,2.700000047683716,2.690000057220459,2.690000057220459
1512757800,2.690000057220459,2.694999933242798,2.680000066757202,2.684999942779541
1512761400,2.684999942779541,2.684999942779541,2.680000066757202,2.684999942779541
1512765000,2.690000057220459,2.690000057220459,2.680000066757202,2.684999942779541
1512766800,2.68,2.68,2.68,2.68
1513002600,2.700000047683716,2.7750000953674316,2.700000047683716,2.740000009536743
1513006200,2.744999885559082,2.7899999618530273,2.744999885559082,2.7750000953674316
1513009800,2.7699999809265137,2.799999952316284,2.7699999809265137,2.7899999618530273
1513013400,2.7899999618530273,2.7899999618530273,2.761699914932251,2.7669999599456787
1513017000,2.7699999809265137,2.7699999809265137,2.745800018310547,2.75
1513020600,2.75,2.761699914932251,2.75,2.759999990463257
1513024200,2.759999990463257,2.7799999713897705,2.755000114440918,2.7699999809265137
1513026000,2.76,2.76,2.76,2.76
1513089000,2.819999933242798,2.8350000381469727,2.809999942779541,2.825000047683716
1513092600,2.809999942779541,2.8550000190734863,2.805000066757202,2.815000057220459
1513096200,2.8106000423431396,2.819999933242798,2.734999895095825,2.740000009536743
1513099800,2.740000009536743,2.7699999809265137,2.740000009536743,2.759999990463257
1513103400,2.7690000534057617,2.7690000534057617,2.7200000286102295,2.740000009536743
1513107000,2.740000009536743,2.740000009536743,2.7200000286102295,2.7200000286102295
1513110600,2.7149999141693115,2.7265000343322754,2.7149999141693115,2.7149999141693115
1513112400,2.71,2.71,2.71,2.71
1513175400,2.7300000190734863,2.75,2.6600000858306885,2.680000066757202
1513179000,2.680000066757202,2.7049999237060547,2.619999885559082,2.640000104904175
1513182600,2.6500000953674316,2.6500000953674316,2.619999885559082,2.630000114440918
1513186200,2.630000114440918,2.6500000953674316,2.619999885559082,2.6500000953674316
1513189800,2.6500000953674316,2.6700000762939453,2.640000104904175,2.6500000953674316
1513193400,2.6500000953674316,2.6600000858306885,2.640000104904175,2.6449999809265137
1513197000,2.6500000953674316,2.6549999713897705,2.630000114440918,2.630000114440918
1513198800,2.63,2.63,2.63,2.63
1513261800,2.5899999141693115,2.6050000190734863,2.549999952316284,2.559999942779541
1513265400,2.565000057220459,2.609999895095825,2.565000057220459,2.5999999046325684
1513269000,2.5899999141693115,2.619999885559082,2.5850000381469727,2.615000009536743
1513272600,2.611299991607666,2.615000009536743,2.5899999141693115,2.5961999893188477
1513276200,2.5999999046325684,2.6050000190734863,2.559999942779541,2.559999942779541
1513279800,2.559999942779541,2.5899999141693115,2.549999952316284,2.575000047683716
1513283400,2.5799999237060547,2.5799999237060547,2.559999942779541,2.569999933242798
1513285200,2.55,2.57,2.55,2.57
1513348200,2.5799999237060547,2.5799999237060547,2.5299999713897705,2.5399999618530273
1513351800,2.5399999618530273,2.5799999237060547,2.5399999618530273,2.565000057220459
1513355400,2.569999933242798,2.569999933242798,2.5399999618530273,2.5436999797821045
1513359000,2.5450000762939453,2.5450000762939453,2.5199999809265137,2.5299999713897705
1513362600,2.5299999713897705,2.5299999713897705,2.515000104904175,2.5299999713897705
1513366200,2.5250000953674316,2.5299999713897705,2.5213000774383545,2.5299999713897705
1513369800,2.5299999713897705,2.5299999713897705,2.5199999809265137,2.5250000953674316
1513371600,2.53,2.53,2.5223,2.5223
1513598400,2.53,2.53,2.53,2.53
1513607400,2.549999952316284,2.630000114440918,2.5399999618530273,2.6050000190734863
1513611000,2.609999895095825,2.6401000022888184,2.5850000381469727,2.630000114440918
1513614600,2.625,2.634999990463257,2.569999933242798,2.569999933242798
1513618200,2.575000047683716,2.5999999046325684,2.559999942779541,2.5999999046325684
1513621800,2.5999999046325684,2.5999999046325684,2.565000057220459,2.5799999237060547
1513625400,2.5799999237060547,2.5799999237060547,2.569999933242798,2.5761001110076904
1513629000,2.575000047683716,2.5899999141693115,2.569999933242798,2.575000047683716
1513630800,2.57,2.57,2.57,2.57
1513693800,2.569999933242798,2.5899999141693115,2.559999942779541,2.575000047683716
1513697400,2.569999933242798,2.569999933242798,2.5250000953674316,2.5299999713897705
1513701000,2.5299999713897705,2.5399999618530273,2.5,2.509999990463257
1513704600,2.515000104904175,2.5399999618530273,2.509999990463257,2.5199999809265137
1513708200,2.5250000953674316,2.549999952316284,2.5199999809265137,2.5299999713897705
1513711800,2.5299999713897705,2.5299999713897705,2.5,2.5199999809265137
1513715400,2.5199999809265137,2.5299999713897705,2.5,2.509999990463257
1513717200,2.51,2.51,2.51,2.51
1513778400,2.51,2.52,2.51,2.52
1513780200,2.509999990463257,2.549999952316284,2.509999990463257,2.5399999618530273
1513783800,2.5399999618530273,2.6050000190734863,2.5399999618530273,2.5999999046325684
1513787400,2.5999999046325684,2.615000009536743,2.5899999141693115,2.5950000286102295
1513791000,2.5908000469207764,2.6500000953674316,2.5899999141693115,2.640000104904175
1513794600,2.649899959564209,2.700000047683716,2.6449999809265137,2.680000066757202
1513798200,2.674999952316284,2.680000066757202,2.6333999633789062,2.6649999618530273
1513801800,2.6600000858306885,2.6700000762939453,2.6600000858306885,2.6649999618530273
1513803600,2.66,2.67,2.66,2.67
1513866600,2.6700000762939453,2.7300000190734863,2.6600000858306885,2.7149999141693115
1513870200,2.7100000381469727,2.793800115585327,2.7100000381469727,2.793800115585327
1513873800,2.7950000762939453,2.8350000381469727,2.7850000858306885,2.8299999237060547
1513877400,2.825000047683716,2.8499999046325684,2.825000047683716,2.8299999237060547
1513881000,2.825000047683716,2.869999885559082,2.825000047683716,2.865000009536743
1513884600,2.865000009536743,2.9000000953674316,2.8550000190734863,2.884999990463257
1513888200,2.884999990463257,2.9000000953674316,2.875,2.880000114440918
1513890000,2.87,2.87,2.87,2.87
1513953000,2.8299999237060547,2.8550000190734863,2.7750000953674316,2.809000015258789
1513956600,2.809999942779541,2.825000047683716,2.7799999713897705,2.809999942779541
1513960200,2.805000066757202,2.8299999237060547,2.799999952316284,2.8299999237060547
1513963800,2.8299999237060547,2.8299999237060547,2.799999952316284,2.815000057220459
1513967400,2.8148000240325928,2.819999933242798,2.799999952316284,2.799999952316284
1513971000,2.799999952316284,2.815000057220459,2.799999952316284,2.805000066757202
1513974600,2.809999942779541,2.819999933242798,2.799999952316284,2.809999942779541
1514296800,2.81,2.81,2.81,2.81
1514298600,2.819999933242798,2.875,2.809999942779541,2.875
1514302200,2.890000104904175,2.9298999309539795,2.880000114440918,2.9149999618530273
1514305800,2.9200000762939453,2.940000057220459,2.9100000858306885,2.920099973678589
1514309400,2.924999952316284,2.930000066757202,2.910099983215332,2.9200000762939453
1514313000,2.9200000762939453,2.930000066757202,2.9100000858306885,2.9200000762939453
1514316600,2.9200000762939453,2.940000057220459,2.9100000858306885,2.934999942779541
1514320200,2.934999942779541,2.950000047683716,2.9100000858306885,2.9149999618530273
1514322000,2.91,2.91,2.91,2.91
1514385000,2.9089999198913574,2.9800000190734863,2.880199909210205,2.9549999237060547
1514388600,2.950000047683716,2.9800000190734863,2.9200000762939453,2.9753000736236572
1514392200,2.9800000190734863,2.984999895095825,2.9649999141693115,2.9749999046325684
1514395800,2.9749999046325684,2.984999895095825,2.962899923324585,2.9749999046325684
1514399400,2.9800000190734863,3.009999990463257,2.9800000190734863,2.990000009536743
1514403000,2.990000009536743,2.994999885559082,2.950000047683716,2.950000047683716
1514406600,2.9549999237060547,2.9690001010894775,2.950000047683716,2.9600000381469727
1514408400,2.95,2.95,2.95,2.95
1514471400,2.9700000286102295,3.0199999809265137,2.9700000286102295,2.984999895095825
1514475000,2.990000009536743,3.009999990463257,2.9749999046325684,3.0
1514478600,3.0,3.049999952316284,2.984999895095825,3.049999952316284
1514482200,3.0450000762939453,3.055000066757202,3.0299999713897705,3.0429999828338623
1514485800,3.0450000762939453,3.059999942779541,3.0299999713897705,3.049999952316284
1514489400,3.049999952316284,3.049999952316284,3.0299999713897705,3.0450000762939453
1514493000,3.0450000762939453,3.059999942779541,3.0399999618530273,3.0399999618530273
1514494800,3.04,3.04,3.04,3.04
1514557800,3.069999933242798,3.069999933242798,2.984999895095825,3.009999990463257
1514561400,3.0199999809265137,3.0399999618530273,3.005000114440918,3.0299999713897705
1514565000,3.0299999713897705,3.059999942779541,3.0250000953674316,3.0539000034332275
1514568600,3.059999942779541,3.065000057220459,3.049999952316284,3.055000066757202
1514572200,3.059999942779541,3.059999942779541,3.0332999229431152,3.049999952316284
1514575800,3.0399999618530273,3.049999952316284,3.0199999809265137,3.0199999809265137
1514579400,3.015000104904175,3.0399999618530273,3.009999990463257,3.0299999713897705
1514903400,3.059999942779541,3.130000114440918,3.059999942779541,3.119999885559082
1514907000,3.130000114440918,3.1649999618530273,3.125,3.140000104904175
1514910600,3.1449999809265137,3.200000047683716,3.140000104904175,3.200000047683716
1514914200,3.200000047683716,3.2049999237060547,3.180000066757202,3.184999942779541
1514917800,3.188499927520752,3.190000057220459,3.140000104904175,3.1700000762939453
1514921400,3.1649999618530273,3.190000057220459,3.1600000858306885,3.190000057220459
1514925000,3.184999942779541,3.240000009536743,3.180000066757202,3.2149999141693115
1514926800,3.21,3.21,3.21,3.21
1514988000,3.24,3.24,3.24,3.24
1514989800,3.2899999618530273,3.325000047683716,3.255000114440918,3.2850000858306885
1514993400,3.299999952316284,3.3499999046325684,3.299999952316284,3.3399999141693115
1514997000,3.3299999237060547,3.3499999046325684,3.309999942779541,3.3350000381469727
1515000600,3.3499999046325684,3.359999895095825,3.309999942779541,3.315000057220459
1515004200,3.319999933242798,3.319999933242798,3.255000114440918,3.2799999713897705
1515007800,3.2699999809265137,3.2950000762939453,3.2699999809265137,3.2899999618530273
1515011400,3.2850000858306885,3.2899999618530273,3.265000104904175,3.2799999713897705
1515013200,3.27,3.27,3.27,3.27
1515067200,3.31,3.31,3.31,3.31
1515076200,3.309999942779541,3.319999933242798,3.2200000286102295,3.255000114440918
1515079800,3.259999990463257,3.315000057220459,3.2200000286102295,3.305000066757202
1515083400,3.315000057220459,3.3399999141693115,3.299999952316284,3.3299999237060547
1515087000,3.3399999141693115,3.3450000286102295,3.315000057220459,3.3299999237060547
1515090600,3.3299999237060547,3.3499999046325684,3.319999933242798,3.3350000381469727
1515094200,3.3350000381469727,3.359999895095825,3.325000047683716,3.3299999237060547
1515097800,3.3299999237060547,3.3350000381469727,3.299999952316284,3.305000066757202
1515099600,3.3,3.3,3.3,3.3
1515103200,3.4,3.4,3.4,3.4
1515162600,3.2799999713897705,3.3499999046325684,3.244999885559082,3.2699999809265137
1515166200,3.2799999713897705,3.2799999713897705,3.2100000381469727,3.250999927520752
1515169800,3.257499933242798,3.2799999713897705,3.240000009536743,3.2799999713897705
1515173400,3.2799999713897705,3.2799999713897705,3.25,3.2699999809265137
1515177000,3.2699999809265137,3.2950000762939453,3.2699999809265137,3.2899999618530273
1515180600,3.2899999618530273,3.2899999618530273,3.25,3.255000114440918
1515184200,3.255000114440918,3.2750000953674316,3.255000114440918,3.2699999809265137
1515186000,3.26,3.26,3.26,3.26
1515421800,3.2899999618530273,3.2899999618530273,3.180000066757202,3.194999933242798
1515425400,3.2049999237060547,3.2249999046325684,3.190000057220459,3.2100000381469727
1515429000,3.2100000381469727,3.259999990463257,3.2049999237060547,3.240000009536743
1515432600,3.240000009536743,3.2799999713897705,3.240000009536743,3.2750000953674316
1515436200,3.2750000953674316,3.299999952316284,3.2699999809265137,3.2799999713897705
1515439800,3.2799999713897705,3.315000057220459,3.2699999809265137,3.315000057220459
1515443400,3.315000057220459,3.319999933242798,3.299999952316284,3.315000057220459
1515445200,3.32,3.32,3.32,3.32
1515448800,3.39,3.39,3.39,3.39
1515506400,3.34,3.34,3.34,3.34
1515508200,3.359999895095825,3.390000104904175,3.299999952316284,3.299999952316284
1515511800,3.309999942779541,3.309999942779541,3.2750000953674316,3.299999952316284
1515515400,3.299999952316284,3.380000114440918,3.2899999618530273,3.380000114440918
1515519000,3.380000114440918,3.390000104904175,3.369999885559082,3.3835999965667725
1515522600,3.390000104904175,3.4100000858306885,3.380000114440918,3.390000104904175
1515526200,3.380000114440918,3.390000104904175,3.3499999046325684,3.3499999046325684
1515529800,3.3450000286102295,3.359999895095825,3.3450000286102295,3.3550000190734863
1515531600,3.36,3.36,3.35,3.36
1515594600,3.384999990463257,3.424999952316284,3.350800037384033,3.390000104904175
1515598200,3.384999990463257,3.424999952316284,3.3499999046325684,3.424999952316284
1515601800,3.424999952316284,3.430000066757202,3.359999895095825,3.4000000953674316
1515605400,3.4049999713897705,3.4100000858306885,3.369999885559082,3.375
1515609000,3.380000114440918,3.4049999713897705,3.369999885559082,3.375
1515612600,3.375,3.380000114440918,3.3399999141693115,3.3399999141693115
1515616200,3.3450000286102295,3.3550000190734863,3.3399999141693115,3.3499999046325684
1515618000,3.35,3.35,3.35,3.35
1515681000,3.375,3.5799999237060547,3.3550000190734863,3.5518999099731445
1515684600,3.559999942779541,3.680000066757202,3.559999942779541,3.673799991607666
1515688200,3.680000066757202,3.7200000286102295,3.6500000953674316,3.684999942779541
1515691800,3.690000057220459,3.7100000381469727,3.659899950027466,3.6649999618530273
1515695400,3.6549999713897705,3.6549999713897705,3.565000057220459,3.5899999141693115
1515699000,3.5999999046325684,3.5999999046325684,3.5250000953674316,3.5250000953674316
1515702600,3.5250000953674316,3.5999999046325684,3.5250000953674316,3.5999999046325684
1515704400,3.6,3.6,3.6,3.6
1515767400,3.6700000762939453,3.819999933242798,3.6500000953674316,3.759999990463257
1515771000,3.765000104904175,3.765000104904175,3.609999895095825,3.6700000762939453
1515774600,3.680000066757202,3.7799999713897705,3.680000066757202,3.7799999713897705
1515778200,3.7699999809265137,3.7899999618530273,3.700000047683716,3.700000047683716
1515781800,3.7100000381469727,3.7200000286102295,3.6649999618530273,3.680000066757202
1515785400,3.6700000762939453,3.7149999141693115,3.6700000762939453,3.7149999141693115
1515789000,3.7149999141693115,3.7200000286102295,3.690000057220459,3.7200000286102295
1516107600,3.71,3.71,3.71,3.71
1516111200,3.72,3.72,3.72,3.72
1516113000,3.739000082015991,3.7500998973846436,3.6449999809265137,3.7500998973846436
1516116600,3.759999990463257,3.7799999713897705,3.680000066757202,3.690000057220459
1516120200,3.690000057220459,3.700000047683716,3.609999895095825,3.6747000217437744
1516123800,3.680000066757202,3.684999942779541,3.6470000743865967,3.680000066757202
1516127400,3.680000066757202,3.690000057220459,3.569999933242798,3.5899999141693115
1516131000,3.5899999141693115,3.5950000286102295,3.549999952316284,3.5899999141693115
1516134600,3.5850000381469727,3.5850000381469727,3.5399999618530273,3.5399999618530273
1516136400,3.54,3.54,3.54,3.54
1516199400,3.559999942779541,3.5899999141693115,3.4800000190734863,3.5
1516203000,3.5,3.5999999046325684,3.490000009536743,3.5999999046325684
1516206600,3.609999895095825,3.6500000953674316,3.5899999141693115,3.634999990463257
1516210200,3.634999990463257,3.634999990463257,3.5999999046325684,3.615000009536743
1516213800,3.619999885559082,3.640000104904175,3.6050000190734863,3.619999885559082
1516217400,3.609999895095825,3.630000114440918,3.575000047683716,3.575000047683716
1516221000,3.575000047683716,3.609999895095825,3.575000047683716,3.5899999141693115
1516222800,3.59,3.59,3.59,3.59
1516284000,3.52,3.52,3.52,3.52
1516285800,3.5899999141693115,3.5999999046325684,3.549999952316284,3.559999942779541
1516289400,3.559999942779541,3.640000104904175,3.509999990463257,3.5999999046325684
1516293000,3.609999895095825,3.6700000762939453,3.609999895095825,3.630000114440918
1516296600,3.619999885559082,3.6401000022888184,3.5950000286102295,3.609999895095825
1516300200,3.6050000190734863,3.609999895095825,3.5801000595092773,3.5999999046325684
1516303800,3.5999999046325684,3.5999999046325684,3.5799999237060547,3.5799999237060547
1516307400,3.5850000381469727,3.609999895095825,3.569999933242798,3.6050000190734863
1516309200,3.6,3.6,3.6,3.6
1516372200,3.559999942779541,3.615000009536743,3.5199999809265137,3.609999895095825
1516375800,3.609999895095825,3.7249999046325684,3.5950000286102295,3.6700000762939453
1516379400,3.6700000762939453,3.7100000381469727,3.6700000762939453,3.7049999237060547
1516383000,3.7100000381469727,3.765000104904175,3.694999933242798,3.744999885559082
1516386600,3.740000009536743,3.7699999809265137,3.7300000190734863,3.740000009536743
1516390200,3.7448999881744385,3.7750000953674316,3.7300000190734863,3.759999990463257
1516393800,3.765000104904175,3.7699999809265137,3.75,3.75
1516629600,3.76,3.77,3.75,3.76
1516631400,3.7699999809265137,3.809999942779541,3.7200000286102295,3.7899999618530273
1516635000,3.7850000858306885,3.865000009536743,3.765000104904175,3.8550000190734863
1516638600,3.8399999141693115,3.880000114440918,3.809999942779541,3.8550000190734863
1516642200,3.865000009536743,3.869999885559082,3.819999933242798,3.8299999237060547
1516645800,3.8299999237060547,3.8350000381469727,3.7799999713897705,3.825000047683716
1516649400,3.819999933242798,3.8299999237060547,3.7950000762939453,3.819999933242798
1516653000,3.815000057220459,3.815000057220459,3.7899999618530273,3.7950000762939453
1516654800,3.79,3.79,3.79,3.79
1516717800,3.8399999141693115,3.8399999141693115,3.7200000286102295,3.7300000190734863
1516721400,3.7300000190734863,3.825000047683716,3.7149999141693115,3.7899999618530273
1516725000,3.799999952316284,3.859999895095825,3.799999952316284,3.8550000190734863
1516728600,3.8499999046325684,3.880000114440918,3.8350000381469727,3.869999885559082
1516732200,3.869999885559082,3.890000104904175,3.8399999141693115,3.880000114440918
1516735800,3.875,3.875,3.8299999237060547,3.8299999237060547
1516739400,3.8299999237060547,3.8399999141693115,3.799999952316284,3.799999952316284
1516741200,3.8,3.8,3.8,3.8
1516748400,3.73,3.73,3.73,3.73
1516804200,3.869999885559082,3.869999885559082,3.7049999237060547,3.7249999046325684
1516807800,3.740000009536743,3.8299999237060547,3.734999895095825,3.734999895095825
1516811400,3.7300000190734863,3.7799999713897705,3.7249999046325684,3.755000114440918
1516815000,3.755000114440918,3.765000104904175,3.7249999046325684,3.7553000450134277
1516818600,3.759999990463257,3.809999942779541,3.755000114440918,3.7950000762939453
1516822200,3.7899999618530273,3.8299999237060547,3.7799999713897705,3.7950000762939453
1516825800,3.7950000762939453,3.809999942779541,3.7899999618530273,3.799999952316284
1516827600,3.79,3.79,3.79,3.79
1516890600,3.859999895095825,3.880000114440918,3.7699999809265137,3.8299999237060547
1516894200,3.8299999237060547,3.859999895095825,3.7799999713897705,3.812000036239624
1516897800,3.811000108718872,3.859999895095825,3.809999942779541,3.8399999141693115
1516901400,3.8399999141693115,3.880000114440918,3.8399999141693115,3.8499999046325684
1516905000,3.8399999141693115,3.8499999046325684,3.7799999713897705,3.7799999713897705
1516908600,3.7850000858306885,3.799999952316284,3.75,3.799999952316284
1516912200,3.799999952316284,3.799999952316284,3.744999885559082,3.755000114440918
1516914000,3.74,3.74,3.74,3.74
1516977000,3.740000009536743,3.7850000858306885,3.7200000286102295,3.7699999809265137
1516980600,3.7699999809265137,3.8264000415802,3.759999990463257,3.819999933242798
1516984200,3.819999933242798,3.924999952316284,3.8124001026153564,3.9000000953674316
1516987800,3.890000104904175,3.9200000762939453,3.875,3.9049999713897705
1516991400,3.9000000953674316,3.9100000858306885,3.8399999141693115,3.8399999141693115
1516995000,3.8299999237060547,3.8450000286102295,3.819999933242798,3.825000047683716
1516998600,3.819999933242798,3.8299999237060547,3.809999942779541,3.825000047683716
1517234400,3.82,3.82,3.82,3.82
1517236200,3.759999990463257,3.7899999618530273,3.6700000762939453,3.7699999809265137
1517239800,3.759999990463257,3.7750000953674316,3.690000057220459,3.690000057220459
1517243400,3.694999933242798,3.759999990463257,3.690000057220459,3.759999990463257
1517247000,3.765000104904175,3.8399999141693115,3.765000104904175,3.819999933242798
1517250600,3.815000057220459,3.8450000286102295,3.7950000762939453,3.8450000286102295
1517254200,3.8450000286102295,3.8550000190734863,3.815000057220459,3.815000057220459
1517257800,3.815000057220459,3.815000057220459,3.740000009536743,3.755000114440918
1517259600,3.75,3.75,3.75,3.75
1517322600,3.6800999641418457,3.680999994277954,3.569999933242798,3.6600000858306885
1517326200,3.6700000762939453,3.690000057220459,3.630000114440918,3.640000104904175
1517329800,3.6500000953674316,3.7100000381469727,3.6449999809265137,3.674999952316284
1517333400,3.680000066757202,3.680000066757202,3.5899999141693115,3.5999999046325684
1517337000,3.5999999046325684,3.6500000953674316,3.5850000381469727,3.630000114440918
1517340600,3.640000104904175,3.6549999713897705,3.625,3.625
1517344200,3.625,3.640000104904175,3.625,3.630000114440918
1517346000,3.61,3.61,3.61,3.61
1517409000,3.640000104904175,3.6600000858306885,3.5999999046325684,3.6500000953674316
1517412600,3.640000104904175,3.6549999713897705,3.6052000522613525,3.619999885559082
1517416200,3.609999895095825,3.690000057220459,3.609999895095825,3.674999952316284
1517419800,3.680000066757202,3.690000057220459,3.619999885559082,3.630000114440918
1517423400,3.630000114440918,3.630000114440918,3.559999942779541,3.559999942779541
1517427000,3.559999942779541,3.5710999965667725,3.5299999713897705,3.5710999965667725
1517430600,3.575000047683716,3.640000104904175,3.569999933242798,3.619999885559082
1517432400,3.63,3.63,3.63,3.63
1517493600,3.53,3.64,3.53,3.59
1517495400,3.6500000953674316,3.815000057220459,3.6500000953674316,3.799999952316284
1517499000,3.805000066757202,3.825000047683716,3.684999942779541,3.690000057220459
1517502600,3.690000057220459,3.690000057220459,3.6500000953674316,3.6649999618530273
1517506200,3.680000066757202,3.7100000381469727,3.640000104904175,3.700000047683716
1517509800,3.700000047683716,3.7200000286102295,3.6600000858306885,3.674999952316284
1517513400,3.6700000762939453,3.7100000381469727,3.6700000762939453,3.690000057220459
1517517000,3.684999942779541,3.700000047683716,3.6600000858306885,3.700000047683716
1517518800,3.7,3.7273,3.6838,3.6838
1517581800,3.549999952316284,3.615000009536743,3.5299999713897705,3.5899999141693115
1517585400,3.5899999141693115,3.634999990463257,3.559999942779541,3.625
1517589000,3.625,3.7049999237060547,3.609999895095825,3.7049999237060547
1517592600,3.7049999237060547,3.7249999046325684,3.684999942779541,3.7100000381469727
1517596200,3.7100000381469727,3.7200000286102295,3.619999885559082,3.6500000953674316
1517599800,3.6449999809265137,3.6500000953674316,3.5799999237060547,3.609999895095825
1517603400,3.6050000190734863,3.6050000190734863,3.555000066757202,3.559999942779541
1517832000,3.45,3.58,3.45,3.58
1517841000,3.4700000286102295,3.5999999046325684,3.4049999713897705,3.4800000190734863
1517844600,3.4800000190734863,3.5899999141693115,3.4600000381469727,3.575000047683716
1517848200,3.5850000381469727,3.5950000286102295,3.5,3.5
1517851800,3.509999990463257,3.549999952316284,3.494999885559082,3.5199999809265137
1517855400,3.5199999809265137,3.569999933242798,3.505000114440918,3.509999990463257
1517859000,3.5,3.5,3.3550000190734863,3.4649999141693115
1517862600,3.4700000286102295,3.490000009536743,3.4049999713897705,3.424999952316284
1517864400,3.44,3.45,3.44,3.44
1517927400,3.369999885559082,3.619999885559082,3.369999885559082,3.4049999713897705
1517931000,3.5399999618530273,3.549999952316284,3.5250000953674316,3.5250000953674316
1517934600,3.5250000953674316,3.549999952316284,3.5,3.549999952316284
1517938200,3.549999952316284,3.555000066757202,3.4800000190734863,3.5299999713897705
1517941800,3.5299999713897705,3.5299999713897705,3.484999895095825,3.494999885559082
1517945400,3.490000009536743,3.575000047683716,3.490000009536743,3.575000047683716
1517949000,3.569999933242798,3.619999885559082,3.559999942779541,3.5850000381469727
1517950800,3.59,3.59,3.59,3.59
1517954400,3.5125,3.5125,3.5125,3.5125
1518008400,3.58,3.58,3.58,3.58
1518013800,3.5799999237060547,3.740000009536743,3.569999933242798,3.6700000762939453
1518017400,3.6500000953674316,3.6500000953674316,3.5199999809265137,3.5199999809265137
1518021000,3.5199999809265137,3.5199999809265137,3.484999895095825,3.505000114440918
1518024600,3.5,3.5,3.390000104904175,3.4049999713897705
1518028200,3.4100000858306885,3.4800000190734863,3.4000000953674316,3.4649999141693115
1518031800,3.4649999141693115,3.5,3.450000047683716,3.4749999046325684
1518035400,3.4749999046325684,3.490000009536743,3.4700000286102295,3.4800000190734863
1518037200,3.48,3.48,3.48,3.48
1518040800,3.48,3.48,3.48,3.48
1518100200,3.4800000190734863,3.5899999141693115,3.4800000190734863,3.5
1518103800,3.5,3.5250000953674316,3.4600000381469727,3.4700000286102295
1518107400,3.4700000286102295,3.5350000858306885,3.4546000957489014,3.509999990463257
1518111000,3.509999990463257,3.509999990463257,3.4200000762939453,3.4800000190734863
1518114600,3.484999895095825,3.5399999618530273,3.4800000190734863,3.5299999713897705
1518118200,3.5299999713897705,3.559999942779541,3.4600000381469727,3.4600000381469727
1518121800,3.4600000381469727,3.4800000190734863,3.4000000953674316,3.4100000858306885
1518123600,3.41,3.41,3.41,3.41
1518127200,3.51,3.51,3.51,3.51
1518181200,3.4,3.4,3.4,3.4
1518184800,3.42,3.42,3.38,3.39
1518186600,3.440000057220459,3.4749999046325684,3.315000057220459,3.315000057220459
1518190200,3.315000057220459,3.3450000286102295,3.255000114440918,3.2950000762939453
1518193800,3.2950000762939453,3.3299999237060547,3.180000066757202,3.190000057220459
1518197400,3.180000066757202,3.2100000381469727,3.140000104904175,3.1449999809265137
1518201000,3.134999990463257,3.244999885559082,3.0999999046325684,3.190000057220459
1518204600,3.190000057220459,3.240000009536743,3.1500000953674316,3.234999895095825
1518208200,3.240000009536743,3.2899999618530273,3.240000009536743,3.2750000953674316
1518210000,3.28,3.28,3.28,3.28
1518440400,3.4,3.4,3.4,3.4
1518444000,3.4,3.4,3.38,3.4
1518445800,3.359999895095825,3.3949999809265137,3.265000104904175,3.2699999809265137
1518449400,3.2799999713897705,3.319999933242798,3.244999885559082,3.2660999298095703
1518453000,3.25,3.3399999141693115,3.25,3.309999942779541
1518456600,3.299999952316284,3.309999942779541,3.2750000953674316,3.2899999618530273
1518460200,3.2899999618530273,3.3299999237060547,3.2899999618530273,3.305000066757202
1518463800,3.309999942779541,3.365000009536743,3.305000066757202,3.3499999046325684
1518467400,3.3499999046325684,3.3550000190734863,3.299999952316284,3.299999952316284
1518469200,3.3,3.3067,3.3,3.3
1518532200,3.2699999809265137,3.2699999809265137,3.1700000762939453,3.174999952316284
1518535800,3.1649999618530273,3.184999942779541,3.134999990463257,3.174999952316284
1518539400,3.174999952316284,3.240000009536743,3.1700000762939453,3.2200000286102295
1518543000,3.2249999046325684,3.259999990463257,3.2149999141693115,3.240000009536743
1518546600,3.240000009536743,3.265000104904175,3.2100000381469727,3.2200000286102295
1518550200,3.2200000286102295,3.25,3.2200000286102295,3.25
1518553800,3.244999885559082,3.2799999713897705,3.244999885559082,3.25
1518555600,3.26,3.26,3.26,3.26
1518618600,3.1500000953674316,3.240000009536743,3.109999895095825,3.2249999046325684
1518622200,3.2300000190734863,3.3499999046325684,3.2300000190734863,3.2850000858306885
1518625800,3.2850000858306885,3.319999933242798,3.2850000858306885,3.309999942779541
1518629400,3.305000066757202,3.390000104904175,3.299999952316284,3.390000104904175
1518633000,3.390000104904175,3.440000057220459,3.390000104904175,3.434999942779541
1518636600,3.434999942779541,3.4600000381469727,3.434999942779541,3.440000057220459
1518640200,3.444999933242798,3.444999933242798,3.4000000953674316,3.430000066757202
1518642000,3.42,3.5,3.42,3.5
1518696000,3.31,3.31,3.31,3.31
1518703200,3.5,3.5,3.31,3.31
1518705000,3.359999895095825,3.440000057220459,3.234999895095825,3.3299999237060547
1518708600,3.3299999237060547,3.3299999237060547,3.200000047683716,3.2850000858306885
1518712200,3.2799999713897705,3.315000057220459,3.234999895095825,3.2799999713897705
1518715800,3.2799999713897705,3.2950000762939453,3.240000009536743,3.2799999713897705
1518719400,3.2799999713897705,3.365000009536743,3.2699999809265137,3.365000009536743
1518723000,3.365000009536743,3.430000066757202,3.359999895095825,3.375
1518726600,3.369999885559082,3.4000000953674316,3.359999895095825,3.375
1518728400,3.37,3.38,3.37,3.38
1518789600,3.27,3.27,3.27,3.27
1518791400,3.319999933242798,3.4200000762939453,3.319999933242798,3.359999895095825
1518795000,3.359999895095825,3.490000009536743,3.359999895095825,3.4200000762939453
1518798600,3.4200000762939453,3.440000057220459,3.380000114440918,3.380000114440918
1518802200,3.390000104904175,3.440000057220459,3.390000104904175,3.440000057220459
1518805800,3.440000057220459,3.4600000381469727,3.4049999713897705,3.440000057220459
1518809400,3.434999942779541,3.4600000381469727,3.4100000858306885,3.4600000381469727
1518813000,3.4600000381469727,3.4600000381469727,3.424999952316284,3.424999952316284
1518814800,3.41,3.41,3.41,3.41
1519137000,3.4100000858306885,3.490000009536743,3.390000104904175,3.4000000953674316
1519140600,3.390000104904175,3.440000057220459,3.359999895095825,3.440000057220459
1519144200,3.450000047683716,3.5299999713897705,3.440000057220459,3.509999990463257
1519147800,3.509999990463257,3.5350000858306885,3.4900999069213867,3.505000114440918
1519151400,3.5,3.549999952316284,3.490000009536743,3.490000009536743
1519155000,3.4800000190734863,3.505500078201294,3.4700000286102295,3.5
1519158600,3.494999885559082,3.5299999713897705,3.494999885559082,3.509999990463257
1519160400,3.49,3.5348,3.49,3.5348
1519223400,3.490000009536743,3.509999990463257,3.4000000953674316,3.430000066757202
1519227000,3.430000066757202,3.4607999324798584,3.4049999713897705,3.440000057220459
1519230600,3.440000057220459,3.440000057220459,3.369999885559082,3.369999885559082
1519234200,3.369999885559082,3.4200000762939453,3.359999895095825,3.3949999809265137
1519237800,3.4000000953674316,3.440000057220459,3.3949999809265137,3.4200000762939453
1519241400,3.4251999855041504,3.430000066757202,3.369999885559082,3.4200000762939453
1519245000,3.4200000762939453,3.430000066757202,3.4100000858306885,3.4100000858306885
1519246800,3.41,3.41,3.41,3.41
1519308000,3.4,3.4,3.4,3.4
1519309800,3.4200000762939453,3.4649999141693115,3.390000104904175,3.4100000858306885
1519313400,3.4000000953674316,3.509999990463257,3.390000104904175,3.4700000286102295
1519317000,3.4800000190734863,3.4800000190734863,3.4200000762939453,3.440000057220459
1519320600,3.450000047683716,3.450000047683716,3.380000114440918,3.4000000953674316
1519324200,3.4000000953674316,3.4200000762939453,3.390000104904175,3.4149999618530273
1519327800,3.4100000858306885,3.430000066757202,3.4000000953674316,3.4100000858306885
1519331400,3.4149999618530273,3.4149999618530273,3.4000000953674316,3.4100000858306885
1519333200,3.42,3.42,3.42,3.42
1519394400,3.4,3.4,3.4,3.4
1519396200,3.4100000858306885,3.5,3.4100000858306885,3.450000047683716
1519399800,3.440000057220459,3.440000057220459,3.4000000953674316,3.4200000762939453
1519403400,3.4200000762939453,3.4700000286102295,3.4149999618530273,3.424999952316284
1519407000,3.424999952316284,3.430000066757202,3.390000104904175,3.4100000858306885
1519410600,3.4100000858306885,3.4100000858306885,3.389899969100952,3.4100000858306885
1519414200,3.4100000858306885,3.4600000381469727,3.4100000858306885,3.440000057220459
1519417800,3.444999933242798,3.4549999237060547,3.434999942779541,3.4549999237060547
1519419600,3.46,3.46,3.4377,3.4377
1519655400,3.450000047683716,3.490000009536743,3.380000114440918,3.380000114440918
1519659000,3.390000104904175,3.430000066757202,3.380000114440918,3.430000066757202
1519662600,3.4200000762939453,3.484999895095825,3.4200000762939453,3.4800000190734863
1519666200,3.4800000190734863,3.494999885559082,3.4600000381469727,3.4800000190734863
1519669800,3.484999895095825,3.494999885559082,3.4749999046325684,3.484999895095825
1519673400,3.490000009536743,3.490000009536743,3.4600000381469727,3.4749999046325684
1519677000,3.4749999046325684,3.484999895095825,3.4700000286102295,3.4700000286102295
1519678800,3.48,3.48,3.4549,3.4549
1519741800,3.450000047683716,3.5799999237060547,3.450000047683716,3.494999885559082
1519745400,3.494999885559082,3.494999885559082,3.4100000858306885,3.4549999237060547
1519749000,3.450000047683716,3.4549999237060547,3.390000104904175,3.4200000762939453
1519752600,3.4200000762939453,3.440000057220459,3.390000104904175,3.3949999809265137
1519756200,3.3949999809265137,3.4000000953674316,3.365000009536743,3.3949999809265137
1519759800,3.390000104904175,3.4000000953674316,3.384999990463257,3.390000104904175
1519763400,3.3949999809265137,3.3949999809265137,3.3550000190734863,3.359999895095825
1519765200,3.37,3.37,3.37,3.37
1519828200,3.369999885559082,3.390000104904175,3.244999885559082,3.244999885559082
1519831800,3.2300000190734863,3.2300000190734863,3.1700000762939453,3.194999933242798
1519835400,3.190000057220459,3.2699999809265137,3.190000057220459,3.265000104904175
1519839000,3.25,3.2799999713897705,3.2149999141693115,3.2149999141693115
1519842600,3.2100000381469727,3.2249999046325684,3.174999952316284,3.174999952316284
1519846200,3.17930006980896,3.180000066757202,3.115000009536743,3.140000104904175
1519849800,3.140000104904175,3.1500000953674316,3.130000114440918,3.1449999809265137
1519851600,3.15,3.2028,3.15,3.15
1519914600,3.109999895095825,3.1500000953674316,3.0799999237060547,3.119999885559082
1519918200,3.119999885559082,3.140000104904175,3.055000066757202,3.0899999141693115
1519921800,3.0999999046325684,3.140000104904175,3.0999999046325684,3.109999895095825
1519925400,3.109999895095825,3.130000114440918,3.055000066757202,3.0950000286102295
1519929000,3.0950000286102295,3.0999999046325684,3.015000104904175,3.059999942779541
1519932600,3.059999942779541,3.115000009536743,3.059999942779541,3.0899999141693115
1519936200,3.0850000381469727,3.0999999046325684,3.069999933242798,3.0799999237060547
1519938000,3.1,3.1,3.0964,3.0964
1520001000,3.0199999809265137,3.049999952316284,2.9700000286102295,2.9700000286102295
1520004600,2.9700000286102295,2.990000009536743,2.930000066757202,2.9600000381469727
1520008200,2.9549999237060547,3.0299999713897705,2.9549999237060547,3.0250000953674316
1520011800,3.0299999713897705,3.049999952316284,3.009999990463257,3.015000104904175
1520015400,3.0199999809265137,3.069999933242798,3.009999990463257,3.0299999713897705
1520019000,3.022700071334839,3.049999952316284,3.022700071334839,3.0399999618530273
1520022600,3.0399999618530273,3.0799999237060547,3.0399999618530273,3.069999933242798
1520024400,3.08,3.08,3.0169,3.0169
1520260200,3.059999942779541,3.1649999618530273,3.059999942779541,3.1600000858306885
1520263800,3.1600000858306885,3.244999885559082,3.1600000858306885,3.2200000286102295
1520267400,3.2200000286102295,3.2300000190734863,3.2100000381469727,3.2200000286102295
1520271000,3.2200000286102295,3.239000082015991,3.200000047683716,3.2200000286102295
1520274600,3.2100000381469727,3.2200000286102295,3.194999933242798,3.2149999141693115
1520278200,3.2149999141693115,3.2300000190734863,3.2049999237060547,3.2249999046325684
1520281800,3.2200000286102295,3.2300000190734863,3.2100000381469727,3.2149999141693115
1520283600,3.22,3.22,3.22,3.22
1520344800,3.26,3.26,3.26,3.26
1520346600,3.2899999618530273,3.299999952316284,3.184999942779541,3.190000057220459
1520350200,3.190000057220459,3.2100000381469727,3.109999895095825,3.109999895095825
1520353800,3.109999895095825,3.1500000953674316,3.0999999046325684,3.119999885559082
1520357400,3.119999885559082,3.140000104904175,3.109999895095825,3.130000114440918
1520361000,3.125,3.125,3.0799999237060547,3.0950000286102295
1520364600,3.0950000286102295,3.109999895095825,3.059999942779541,3.065000057220459
1520368200,3.065000057220459,3.0799999237060547,3.059999942779541,3.0799999237060547
1520370000,3.09,3.09,3.09,3.09
1520433000,3.049999952316284,3.109999895095825,3.0,3.0199999809265137
1520436600,3.0399999618530273,3.0999999046325684,3.0,3.015000104904175
1520440200,3.015000104904175,3.015000104904175,2.930999994277954,2.9600000381469727
1520443800,2.9600000381469727,2.9800000190734863,2.9200000762939453,2.9649999141693115
1520447400,2.9600000381469727,2.9600000381469727,2.940000057220459,2.950000047683716
1520451000,2.944999933242798,2.9800000190734863,2.944999933242798,2.9600000381469727
1520454600,2.9600000381469727,2.9700000286102295,2.9600000381469727,2.9600000381469727
1520456400,2.98,2.98,2.97,2.98
1520519400,2.9702000617980957,2.9800000190734863,2.924999952316284,2.924999952316284
1520523000,2.930000066757202,2.944999933242798,2.9000000953674316,2.930000066757202
1520526600,2.930000066757202,2.930000066757202,2.859999895095825,2.865000009536743
1520530200,2.859999895095825,2.869999885559082,2.8399999141693115,2.865000009536743
1520533800,2.859999895095825,2.865000009536743,2.8299999237060547,2.8399999141693115
1520537400,2.8399999141693115,2.8949999809265137,2.8350000381469727,2.8550000190734863
1520541000,2.8550000190734863,2.8550000190734863,2.819999933242798,2.8450000286102295
1520542800,2.87,2.92,2.86,2.86
1520600400,2.9,2.9,2.9,2.9
1520604000,3.08,3.08,2.98,2.98
1520605800,2.9100000858306885,2.9149999618530273,2.869999885559082,2.8949999809265137
1520609400,2.890000104904175,2.940000057220459,2.869999885559082,2.934999942779541
1520613000,2.930000066757202,2.930000066757202,2.884999990463257,2.9000000953674316
1520616600,2.8949999809265137,2.9000000953674316,2.859999895095825,2.859999895095825
1520620200,2.865000009536743,2.880000114440918,2.8550000190734863,2.875
1520623800,2.875,2.880000114440918,2.859999895095825,2.865000009536743
1520627400,2.869999885559082,2.869999885559082,2.859999895095825,2.869999885559082
1520629200,2.87,2.87,2.87,2.87
1520861400,2.880000114440918,2.934999942779541,2.859999895095825,2.869999885559082
1520865000,2.869999885559082,2.880000114440918,2.8350000381469727,2.8350000381469727
1520868600,2.8350000381469727,2.9049999713897705,2.8350000381469727,2.880000114440918
1520872200,2.880000114440918,2.9049999713897705,2.880000114440918,2.9000000953674316
1520875800,2.9000000953674316,2.940000057220459,2.89520001411438,2.930000066757202
1520879400,2.934999942779541,2.940000057220459,2.924999952316284,2.930000066757202
1520883000,2.930000066757202,2.940000057220459,2.924999952316284,2.934999942779541
1520884800,2.94,2.94,2.94,2.94
1520947800,2.930000066757202,2.9800000190734863,2.9100000858306885,2.924999952316284
1520951400,2.924999952316284,2.944999933242798,2.869999885559082,2.890000104904175
1520955000,2.9000000953674316,2.924999952316284,2.9000000953674316,2.9000000953674316
1520958600,2.9000000953674316,2.940000057220459,2.9000000953674316,2.924999952316284
1520962200,2.9200000762939453,2.930000066757202,2.9100000858306885,2.924999952316284
1520965800,2.924999952316284,2.930000066757202,2.880000114440918,2.884999990463257
1520969400,2.890000104904175,2.9000000953674316,2.880000114440918,2.9000000953674316
1520971200,2.9,2.95,2.9,2.95
1521034200,2.9200000762939453,2.930000066757202,2.880000114440918,2.9149999618530273
1521037800,2.9000000953674316,2.9049999713897705,2.8399999141693115,2.865000009536743
1521041400,2.875,2.9049999713897705,2.8499999046325684,2.9049999713897705
1521045000,2.9000000953674316,2.9100000858306885,2.880000114440918,2.9049999713897705
1521048600,2.9100000858306885,2.9100000858306885,2.880000114440918,2.9000000953674316
1521052200,2.9000000953674316,2.9000000953674316,2.875,2.880000114440918
1521055800,2.880000114440918,2.880000114440918,2.859999895095825,2.880000114440918
1521057600,2.89,2.8906,2.89,2.8906
1521120600,2.9100000858306885,2.9100000858306885,2.809999942779541,2.8299999237060547
1521124200,2.8350000381469727,2.8499999046325684,2.7950000762939453,2.819999933242798
1521127800,2.815000057220459,2.8289999961853027,2.7850000858306885,2.825000047683716
1521131400,2.825000047683716,2.8399999141693115,2.819999933242798,2.8299999237060547
1521135000,2.825000047683716,2.8299999237060547,2.799999952316284,2.805000066757202
1521138600,2.805000066757202,2.825000047683716,2.799999952316284,2.819999933242798
1521142200,2.819999933242798,2.819999933242798,2.799999952316284,2.799999952316284
1521144000,2.8,2.8202,2.8,2.8202
1521207000,2.819999933242798,2.819999933242798,2.755000114440918,2.765000104904175
1521210600,2.7699999809265137,2.7799999713897705,2.740999937057495,2.759999990463257
1521214200,2.765000104904175,2.819999933242798,2.765000104904175,2.819999933242798
1521217800,2.819999933242798,2.8299999237060547,2.799999952316284,2.799999952316284
1521221400,2.799999952316284,2.8299999237060547,2.7950000762939453,2.8299999237060547
1521225000,2.824899911880493,2.8350000381469727,2.819999933242798,2.819999933242798
1521228600,2.8299999237060547,2.8499999046325684,2.8299999237060547,2.8350000381469727
1521230400,2.84,2.84,2.8257,2.8331
1521464400,2.78,2.78,2.78,2.78
1521466200,2.8299999237060547,2.8299999237060547,2.759999990463257,2.7750000953674316
1521469800,2.7699999809265137,2.7850000858306885,2.740000009536743,2.75
1521473400,2.744999885559082,2.765000104904175,2.7300000190734863,2.75
1521477000,2.759999990463257,2.759999990463257,2.7049999237060547,2.7049999237060547
1521480600,2.7049999237060547,2.75,2.700000047683716,2.7149999141693115
1521484200,2.7200000286102295,2.7200000286102295,2.700000047683716,2.7049999237060547
1521487800,2.7049999237060547,2.7100000381469727,2.700000047683716,2.7100000381469727
1521489600,2.72,2.72,2.72,2.72
1521552600,2.7699999809265137,2.7699999809265137,2.7049999237060547,2.7200000286102295
1521556200,2.7300000190734863,2.734999895095825,2.694999933242798,2.700000047683716
1521559800,2.691999912261963,2.7049999237060547,2.6600000858306885,2.6600000858306885
1521563400,2.6600000858306885,2.7049999237060547,2.6500000953674316,2.7049999237060547
1521567000,2.7049999237060547,2.7049999237060547,2.684999942779541,2.690000057220459
1521570600,2.690000057220459,2.7049999237060547,2.690000057220459,2.700000047683716
1521574200,2.700000047683716,2.7100000381469727,2.700000047683716,2.700000047683716
1521576000,2.71,2.71,2.71,2.71
1521639000,2.7300000190734863,2.859999895095825,2.7300000190734863,2.8559999465942383
1521642600,2.8499999046325684,2.9351999759674072,2.8450000286102295,2.9100000858306885
1521646200,2.9100000858306885,2.9700000286102295,2.9100000858306885,2.940999984741211
1521649800,2.944999933242798,2.9600000381469727,2.9200000762939453,2.9600000381469727
1521653400,2.9600000381469727,3.0199999809265137,2.9600000381469727,3.0
1521657000,3.0,3.0199999809265137,2.9700000286102295,3.009999990463257
1521660600,3.009999990463257,3.0299999713897705,2.990000009536743,3.0
1521662400,2.98,2.98,2.98,2.98
1521723600,2.9,2.9,2.9,2.9
1521725400,2.940000057220459,2.9600000381469727,2.880000114440918,2.940000057220459
1521729000,2.940000057220459,2.940000057220459,2.869999885559082,2.884999990463257
1521732600,2.9000000953674316,2.9549999237060547,2.875,2.9549999237060547
1521736200,2.950000047683716,2.9600000381469727,2.9100000858306885,2.924999952316284
1521739800,2.924999952316284,2.930000066757202,2.9100000858306885,2.9200000762939453
1521743400,2.930000066757202,2.950000047683716,2.869999885559082,2.880000114440918
1521747000,2.875,2.890000104904175,2.859999895095825,2.865000009536743
1521748800,2.86,2.9,2.86,2.9
1521811800,2.9600000381469727,2.9700000286102295,2.8499999046325684,2.9600000381469727
1521815400,2.9609999656677246,2.9609999656677246,2.9100000858306885,2.930000066757202
1521819000,2.934999942779541,2.940000057220459,2.890000104904175,2.9149999618530273
1521822600,2.9100000858306885,2.930000066757202,2.890000104904175,2.9200000762939453
1521826200,2.9149999618530273,2.9200000762939453,2.890000104904175,2.9200000762939453
1521829800,2.9149999618530273,2.9200000762939453,2.875,2.8949999809265137
1521833400,2.880000114440918,2.884999990463257,2.859999895095825,2.880000114440918
1521835200,2.88,2.88,2.88,2.88
1522071000,2.890000104904175,2.890000104904175,2.809999942779541,2.819999933242798
1522074600,2.819999933242798,2.8399999141693115,2.7950000762939453,2.819999933242798
1522078200,2.819999933242798,2.8450000286102295,2.799999952316284,2.805000066757202
1522081800,2.799999952316284,2.799999952316284,2.7699999809265137,2.7899999618530273
1522085400,2.7899999618530273,2.819999933242798,2.7899999618530273,2.809999942779541
1522089000,2.799999952316284,2.8450000286102295,2.799999952316284,2.8450000286102295
1522092600,2.8450000286102295,2.8499999046325684,2.8299999237060547,2.8399999141693115
1522094400,2.84,2.84,2.84,2.84
1522157400,2.859999895095825,2.869999885559082,2.819999933242798,2.859999895095825
1522161000,2.8499999046325684,2.8499999046325684,2.799999952316284,2.809999942779541
1522164600,2.809999942779541,2.8399999141693115,2.799999952316284,2.8399999141693115
1522168200,2.8299999237060547,2.8299999237060547,2.809999942779541,2.819999933242798
1522171800,2.825000047683716,2.8299999237060547,2.7799999713897705,2.7850000858306885
1522175400,2.7799999713897705,2.7950000762939453,2.755000114440918,2.7602999210357666
1522179000,2.759999990463257,2.765000104904175,2.744999885559082,2.75
1522180800,2.75,2.75,2.75,2.75
1522243800,2.759999990463257,2.759999990463257,2.6649999618530273,2.700000047683716
1522247400,2.7200000286102295,2.740000009536743,2.680000066757202,2.680000066757202
1522251000,2.684999942779541,2.694999933242798,2.6700000762939453,2.680000066757202
1522254600,2.684999942779541,2.6989998817443848,2.6600000858306885,2.6700000762939453
1522258200,2.6700000762939453,2.680000066757202,2.6600000858306885,2.6649999618530273
1522261800,2.6700000762939453,2.680000066757202,2.6600000858306885,2.6700000762939453
1522265400,2.6700000762939453,2.674999952316284,2.6600000858306885,2.6649999618530273
1522267200,2.66,2.66,2.66,2.66
1522330200,2.680000066757202,2.7399001121520996,2.6700000762939453,2.734999895095825
1522333800,2.7249999046325684,2.75,2.7149999141693115,2.75
1522337400,2.740000009536743,2.740000009536743,2.7300000190734863,2.740000009536743
1522341000,2.7300000190734863,2.7699999809265137,2.7200000286102295,2.759999990463257
1522344600,2.759999990463257,2.7799999713897705,2.755000114440918,2.765000104904175
1522348200,2.765000104904175,2.799999952316284,2.759999990463257,2.799999952316284
1522351800,2.7899999618530273,2.7950000762939453,2.7750000953674316,2.7799999713897705
1522353600,2.77,2.7781,2.7481,2.7703
1522675800,2.7560999393463135,2.7699999809265137,2.680000066757202,2.7100000381469727
1522679400,2.7100000381469727,2.7100000381469727,2.630000114440918,2.6600000858306885
1522683000,2.6549999713897705,2.6600000858306885,2.634999990463257,2.6449999809265137
1522686600,2.6500000953674316,2.6649999618530273,2.630000114440918,2.630000114440918
1522690200,2.630000114440918,2.6449999809265137,2.5999999046325684,2.5999999046325684
1522693800,2.609999895095825,2.6549999713897705,2.609999895095825,2.6500000953674316
1522697400,2.6500000953674316,2.6600000858306885,2.640000104904175,2.6549999713897705
1522699200,2.65,2.6604,2.65,2.6604
1522760400,2.73,2.73,2.73,2.73
1522762200,2.6700000762939453,2.6709001064300537,2.619999885559082,2.640000104904175
1522765800,2.640000104904175,2.7300000190734863,2.640000104904175,2.7200000286102295
1522769400,2.7200000286102295,2.7200000286102295,2.6700000762939453,2.674999952316284
1522773000,2.680000066757202,2.7100000381469727,2.680000066757202,2.7100000381469727
1522776600,2.7100000381469727,2.7149999141693115,2.684999942779541,2.694999933242798
1522780200,2.690000057220459,2.7300000190734863,2.684999942779541,2.7249999046325684
1522783800,2.7249999046325684,2.7300000190734863,2.7100000381469727,2.7200000286102295
1522785600,2.72,2.72,2.72,2.72
1522848600,2.6700000762939453,2.690000057220459,2.630000114440918,2.6600000858306885
1522852200,2.674999952316284,2.7200000286102295,2.6549999713897705,2.7049999237060547
1522855800,2.7049999237060547,2.744999885559082,2.7049999237060547,2.7300000190734863
1522859400,2.734999895095825,2.740000009536743,2.680000066757202,2.684999942779541
1522863000,2.690000057220459,2.7149999141693115,2.680000066757202,2.700000047683716
1522866600,2.700000047683716,2.734999895095825,2.690000057220459,2.7249999046325684
1522870200,2.7249999046325684,2.7300000190734863,2.700000047683716,2.700000047683716
1522872000,2.69,2.69,2.69,2.69
1522935000,2.7200000286102295,2.825000047683716,2.7200000286102295,2.7799999713897705
1522938600,2.7699999809265137,2.8299999237060547,2.75,2.819999933242798
1522942200,2.809999942779541,2.8499999046325684,2.799999952316284,2.8450000286102295
1522945800,2.8450000286102295,2.8550000190734863,2.825000047683716,2.8399999141693115
1522949400,2.8399999141693115,2.8949999809265137,2.8350000381469727,2.8949999809265137
1522953000,2.8949999809265137,2.9149999618530273,2.8499999046325684,2.8499999046325684
1522956600,2.8499999046325684,2.8499999046325684,2.819999933242798,2.819999933242798
1522958400,2.82,2.82,2.81,2.81
1523019600,2.81,2.81,2.81,2.81
1523021400,2.799999952316284,2.859999895095825,2.7799999713897705,2.7850000858306885
1523025000,2.7799999713897705,2.7950000762939453,2.755000114440918,2.7950000762939453
1523028600,2.799999952316284,2.815000057220459,2.7699999809265137,2.799999952316284
1523032200,2.805000066757202,2.809999942779541,2.7899999618530273,2.809999942779541
1523035800,2.809999942779541,2.809999942779541,2.740000009536743,2.759999990463257
1523039400,2.759999990463257,2.7699999809265137,2.734999895095825,2.75
1523043000,2.75,2.799999952316284,2.75,2.7899999618530273
1523278800,2.79,2.79,2.79,2.79
1523280600,2.819999933242798,2.924999952316284,2.8022000789642334,2.9049999713897705
1523284200,2.9117000102996826,2.9117000102996826,2.869999885559082,2.890000104904175
1523287800,2.8933000564575195,2.9000000953674316,2.825000047683716,2.825000047683716
1523291400,2.8299999237060547,2.8299999237060547,2.799999952316284,2.805000066757202
1523295000,2.809999942779541,2.809999942779541,2.765000104904175,2.765000104904175
1523298600,2.765000104904175,2.7799999713897705,2.744999885559082,2.755000114440918
1523302200,2.759999990463257,2.765000104904175,2.740000009536743,2.75
1523304000,2.74,2.74,2.74,2.74
1523307600,2.79,2.79,2.79,2.79
1523367000,2.819999933242798,2.9200000762939453,2.819999933242798,2.884700059890747
1523370600,2.884999990463257,2.947999954223633,2.880000114440918,2.930000066757202
1523374200,2.930000066757202,2.9600000381469727,2.924999952316284,2.940000057220459
1523377800,2.940000057220459,2.9800000190734863,2.940000057220459,2.9791998863220215
1523381400,2.9739999771118164,2.994999885559082,2.9700000286102295,2.984999895095825
1523385000,2.9800000190734863,3.0250000953674316,2.944999933242798,2.9800000190734863
1523388600,2.9800000190734863,2.984999895095825,2.9600000381469727,2.9800000190734863
1523390400,2.97,2.97,2.97,2.97
1523453400,3.009999990463257,3.0899999141693115,3.0,3.0
1523457000,2.9800000190734863,3.119999885559082,2.9800000190734863,3.065000057220459
1523460600,3.065000057220459,3.0799999237060547,3.0399999618530273,3.059999942779541
1523464200,3.069999933242798,3.0899999141693115,3.049999952316284,3.0850000381469727
1523467800,3.0850000381469727,3.109999895095825,3.075000047683716,3.109999895095825
1523471400,3.109999895095825,3.130000114440918,3.0850000381469727,3.0999999046325684
1523475000,3.1050000190734863,3.109999895095825,3.0799999237060547,3.0799999237060547
1523476800,3.08,3.1053,3.0694,3.1053
1523539800,3.0799999237060547,3.0799999237060547,3.0,3.0199999809265137
1523543400,3.0299999713897705,3.0799999237060547,3.0299999713897705,3.069999933242798
1523547000,3.069999933242798,3.1700000762939453,3.059999942779541,3.115000009536743
1523550600,3.125,3.1500000953674316,3.109999895095825,3.109999895095825
1523554200,3.109999895095825,3.119999885559082,3.0999999046325684,3.119999885559082
1523557800,3.119999885559082,3.130000114440918,3.069999933242798,3.0950000286102295
1523561400,3.0899999141693115,3.119999885559082,3.0899999141693115,3.109999895095825
1523563200,3.11,3.11,3.0989,3.0989
1523626200,3.109999895095825,3.1700000762939453,3.109999895095825,3.1500000953674316
1523629800,3.1500000953674316,3.1700000762939453,3.119999885559082,3.1500000953674316
1523633400,3.140000104904175,3.200000047683716,3.130000114440918,3.184999942779541
1523637000,3.174999952316284,3.180000066757202,3.140000104904175,3.1649999618530273
1523640600,3.1700000762939453,3.1700000762939453,3.140000104904175,3.1500000953674316
1523644200,3.1500000953674316,3.1500000953674316,3.0799999237060547,3.0999999046325684
1523647800,3.0950000286102295,3.0999999046325684,3.0799999237060547,3.0799999237060547
1523649600,3.09,3.1322,3.09,3.1322
1523885400,3.0899999141693115,3.140000104904175,3.0399999618530273,3.119999885559082
1523889000,3.119999885559082,3.119999885559082,3.059999942779541,3.0799999237060547
1523892600,3.069999933242798,3.0899999141693115,3.065000057220459,3.069999933242798
1523896200,3.069999933242798,3.0850000381469727,3.0399999618530273,3.0399999618530273
1523899800,3.0399999618530273,3.049999952316284,3.0299999713897705,3.0299999713897705
1523903400,3.0299999713897705,3.049999952316284,3.009999990463257,3.0280001163482666
1523907000,3.0250000953674316,3.0299999713897705,3.009999990463257,3.0299999713897705
1523908800,3.04,3.0654,3.04,3.0654
1523971800,3.0199999809265137,3.0899999141693115,3.009999990463257,3.0399999618530273
1523975400,3.0399999618530273,3.0950000286102295,3.0399999618530273,3.0899999141693115
1523979000,3.0999999046325684,3.109999895095825,3.0799999237060547,3.1050000190734863
1523982600,3.0999999046325684,3.130000114440918,3.0899999141693115,3.115000009536743
1523986200,3.115000009536743,3.1368000507354736,3.1050000190734863,3.1368000507354736
1523989800,3.134999990463257,3.140000104904175,3.115000009536743,3.130000114440918
1523993400,3.130000114440918,3.134999990463257,3.115000009536743,3.119999885559082
1523995200,3.12,3.12,3.12,3.12
1524052800,3.25,3.25,3.25,3.25
1524058200,3.189500093460083,3.2300000190734863,3.1500000953674316,3.1500000953674316
1524061800,3.1700000762939453,3.2200000286102295,3.1700000762939453,3.2149999141693115
1524065400,3.2149999141693115,3.2149999141693115,3.190000057220459,3.200000047683716
1524069000,3.200000047683716,3.2750000953674316,3.1900999546051025,3.25
1524072600,3.25,3.2690000534057617,3.236799955368042,3.2690000534057617
1524076200,3.265000104904175,3.309999942779541,3.265000104904175,3.309999942779541
1524079800,3.309999942779541,3.309999942779541,3.265000104904175,3.2699999809265137
1524081600,3.27,3.27,3.27,3.27
1524144600,3.299999952316284,3.3350000381469727,3.234999895095825,3.3299999237060547
1524148200,3.309999942779541,3.3949999809265137,3.299999952316284,3.3949999809265137
1524151800,3.4049999713897705,3.4049999713897705,3.2899999618530273,3.2899999618530273
1524155400,3.299999952316284,3.3299999237060547,3.2799999713897705,3.2799999713897705
1524159000,3.2699999809265137,3.2899999618530273,3.240000009536743,3.259999990463257
1524162600,3.259999990463257,3.2799999713897705,3.25,3.263700008392334
1524166200,3.265000104904175,3.2799999713897705,3.255000114440918,3.2699999809265137
1524168000,3.26,3.3026,3.26,3.3026
1524231000,3.2200000286102295,3.2300000190734863,3.1649999618530273,3.1700000762939453
1524234600,3.180000066757202,3.216099977493286,3.180000066757202,3.200000047683716
1524238200,3.200000047683716,3.259999990463257,3.200000047683716,3.2100000381469727
1524241800,3.2060000896453857,3.2249999046325684,3.200000047683716,3.2149999141693115
1524245400,3.2139999866485596,3.244999885559082,3.2139999866485596,3.234999895095825
1524249000,3.2300000190734863,3.2300000190734863,3.200000047683716,3.2100000381469727
1524252600,3.2100000381469727,3.2200000286102295,3.2100000381469727,3.2149999141693115
1524488400,3.14,3.17,3.14,3.17
1524490200,3.1500000953674316,3.2300000190734863,3.130000114440918,3.2200000286102295
1524493800,3.2100000381469727,3.299999952316284,3.2049999237060547,3.2799999713897705
1524497400,3.2699999809265137,3.2699999809265137,3.2200000286102295,3.234999895095825
1524501000,3.2300000190734863,3.266700029373169,3.2200000286102295,3.25
1524504600,3.25,3.25,3.2049999237060547,3.2149999141693115
1524508200,3.2149999141693115,3.234999895095825,3.2100000381469727,3.2200000286102295
1524511800,3.2200000286102295,3.2200000286102295,3.180000066757202,3.194999933242798
1524513600,3.19,3.19,3.19,3.19
1524576600,3.2395999431610107,3.280100107192993,3.2200000286102295,3.2699999809265137
1524580200,3.2799999713897705,3.2799999713897705,3.180000066757202,3.194999933242798
1524583800,3.2100000381469727,3.2100000381469727,3.134999990463257,3.134999990463257
1524587400,3.140000104904175,3.140000104904175,3.099900007247925,3.130000114440918
1524591000,3.134999990463257,3.140000104904175,3.119999885559082,3.130000114440918
1524594600,3.121000051498413,3.1700000762939453,3.109999895095825,3.1549999713897705
1524598200,3.1549999713897705,3.1600000858306885,3.130000114440918,3.1549999713897705
1524600000,3.16,3.16,3.16,3.16
1524663000,3.0999999046325684,3.200000047683716,3.0799999237060547,3.200000047683716
1524666600,3.1600000858306885,3.2200000286102295,3.119999885559082,3.2100000381469727
1524670200,3.2149999141693115,3.25,3.180000066757202,3.2300000190734863
1524673800,3.2200000286102295,3.234999895095825,3.200000047683716,3.2249999046325684
1524677400,3.2300000190734863,3.259999990463257,3.2300000190734863,3.240000009536743
1524681000,3.240000009536743,3.2699999809265137,3.2300000190734863,3.244999885559082
1524684600,3.259999990463257,3.2699999809265137,3.240000009536743,3.240000009536743
1524686400,3.23,3.23,3.23,3.23
1524747600,3.24,3.27,3.19,3.24
1524749400,3.309999942779541,3.4000000953674316,3.2799999713897705,3.3949999809265137
1524753000,3.4100000858306885,3.4600000381469727,3.380000114440918,3.409899950027466
1524756600,3.4000000953674316,3.4000000953674316,3.3399999141693115,3.3499999046325684
1524760200,3.3499999046325684,3.4112000465393066,3.3450000286102295,3.4000000953674316
1524763800,3.390000104904175,3.4149999618530273,3.390000104904175,3.3949999809265137
1524767400,3.4000000953674316,3.4100000858306885,3.3949999809265137,3.4000000953674316
1524771000,3.4049999713897705,3.424999952316284,3.3949999809265137,3.4100000858306885
1524772800,3.37,3.37,3.37,3.37
1524834000,3.37,3.37,3.32,3.32
1524835800,3.380000114440918,3.549999952316284,3.369999885559082,3.5299999713897705
1524839400,3.5250000953674316,3.5399999618530273,3.470099925994873,3.5199999809265137
1524843000,3.515000104904175,3.5299999713897705,3.4800000190734863,3.4876999855041504
1524846600,3.490000009536743,3.490000009536743,3.444999933242798,3.4600000381469727
1524850200,3.450000047683716,3.476799964904785,3.450000047683716,3.4749999046325684
1524853800,3.470099925994873,3.5,3.4700000286102295,3.4749999046325684
1524857400,3.4749999046325684,3.4800000190734863,3.4649999141693115,3.4749999046325684
1525093200,3.55,3.55,3.55,3.55
1525095000,3.4600000381469727,3.5999999046325684,3.440000057220459,3.559999942779541
1525098600,3.559999942779541,3.609999895095825,3.559999942779541,3.559999942779541
1525102200,3.555000066757202,3.5899999141693115,3.5199999809265137,3.5899999141693115
1525105800,3.5799999237060547,3.619999885559082,3.569999933242798,3.5899999141693115
1525109400,3.569999933242798,3.575000047683716,3.5399999618530273,3.555000066757202
1525113000,3.549999952316284,3.569999933242798,3.5399999618530273,3.559999942779541
1525116600,3.559999942779541,3.5799999237060547,3.559999942779541,3.569999933242798
1525118400,3.56,3.5669,3.56,3.5669
1525179600,3.55,3.55,3.55,3.55
1525181400,3.5299999713897705,3.549999952316284,3.450000047683716,3.4700000286102295
1525185000,3.4600000381469727,3.4749999046325684,3.426800012588501,3.440000057220459
1525188600,3.440000057220459,3.4674999713897705,3.4175000190734863,3.440000057220459
1525192200,3.440000057220459,3.4700000286102295,3.430000066757202,3.450000047683716
1525195800,3.450000047683716,3.450000047683716,3.4010000228881836,3.4200000762939453
1525199400,3.4200000762939453,3.440000057220459,3.384999990463257,3.384999990463257
1525203000,3.384999990463257,3.4000000953674316,3.380000114440918,3.384999990463257
1525204800,3.38,3.4489,3.38,3.4489
1525267800,3.4000000953674316,3.5199999809265137,3.4000000953674316,3.510999917984009
1525271400,3.5,3.515000104904175,3.4800000190734863,3.490000009536743
1525275000,3.4800000190734863,3.5899999141693115,3.4800000190734863,3.555000066757202
1525278600,3.555000066757202,3.575000047683716,3.549999952316284,3.559999942779541
1525282200,3.559999942779541,3.5799999237060547,3.549999952316284,3.5799999237060547
1525285800,3.569999933242798,3.5799999237060547,3.5350000858306885,3.5399999618530273
1525289400,3.549999952316284,3.549999952316284,3.5250000953674316,3.5399999618530273
1525291200,3.53,3.53,3.5104,3.5104
1525354200,3.5299999713897705,3.5299999713897705,3.444999933242798,3.450000047683716
1525357800,3.447000026702881,3.4600000381469727,3.4000000953674316,3.4549999237060547
1525361400,3.4549999237060547,3.490000009536743,3.4549999237060547,3.4800000190734863
1525365000,3.4800000190734863,3.509999990463257,3.4749999046325684,3.484999895095825
1525368600,3.490000009536743,3.505000114440918,3.4700000286102295,3.4800000190734863
1525372200,3.4800000190734863,3.490000009536743,3.4600000381469727,3.4700000286102295
1525375800,3.4749999046325684,3.484999895095825,3.4549999237060547,3.4549999237060547
1525377600,3.46,3.46,3.46,3.46
1525440600,3.430000066757202,3.4800000190734863,3.4149999618530273,3.4200000762939453
1525444200,3.4200000762939453,3.440000057220459,3.4200000762939453,3.430000066757202
1525447800,3.434999942779541,3.5439999103546143,3.430000066757202,3.515000104904175
1525451400,3.509999990463257,3.5199999809265137,3.4600000381469727,3.4600000381469727
1525455000,3.4649999141693115,3.5199999809265137,3.460400104522705,3.5
1525458600,3.505000114440918,3.509999990463257,3.4700000286102295,3.490000009536743
1525462200,3.484999895095825,3.509999990463257,3.484999895095825,3.494999885559082
1525699800,3.549999952316284,3.690000057220459,3.549999952316284,3.6449999809265137
1525703400,3.640000104904175,3.640000104904175,3.609999895095825,3.609999895095825
1525707000,3.612499952316284,3.680000066757202,3.609999895095825,3.6600000858306885
1525710600,3.6600000858306885,3.6600000858306885,3.619999885559082,3.630000114440918
1525714200,3.625,3.630000114440918,3.5999999046325684,3.6050000190734863
1525717800,3.5999999046325684,3.625,3.509999990463257,3.5399999618530273
1525721400,3.538800001144409,3.549999952316284,3.509999990463257,3.515000104904175
1525723200,3.51,3.51,3.51,3.51
1525726800,3.6003,3.6003,3.6003,3.6003
1525786200,3.5,3.5899999141693115,3.494999885559082,3.509999990463257
1525789800,3.509999990463257,3.5399999618530273,3.4200000762939453,3.434999942779541
1525793400,3.4200000762939453,3.490000009536743,3.4000000953674316,3.4700000286102295
1525797000,3.4700000286102295,3.5199999809265137,3.4700000286102295,3.509999990463257
1525800600,3.509999990463257,3.5899999141693115,3.484999895095825,3.509999990463257
1525804200,3.5199999809265137,3.575000047683716,3.509999990463257,3.555000066757202
1525807800,3.555000066757202,3.565000057220459,3.5399999618530273,3.5399999618530273
1525809600,3.54,3.54,3.4978,3.4978
1525863600,3.58,3.58,3.58,3.58
1525870800,3.57,3.7,3.57,3.7
1525872600,3.6600000858306885,3.690000057220459,3.640000104904175,3.674999952316284
1525876200,3.680000066757202,3.690000057220459,3.615000009536743,3.619999885559082
1525879800,3.619999885559082,3.6649999618530273,3.5999999046325684,3.6600000858306885
1525883400,3.6549999713897705,3.6798999309539795,3.6298999786376953,3.634999990463257
1525887000,3.634999990463257,3.6600000858306885,3.625,3.6449999809265137
1525890600,3.640000104904175,3.6549999713897705,3.630000114440918,3.630000114440918
1525894200,3.630000114440918,3.6317999362945557,3.5950000286102295,3.5999999046325684
1525896000,3.61,3.61,3.61,3.61
1525957200,3.61,3.61,3.61,3.61
1525959000,3.630000114440918,3.680299997329712,3.5999999046325684,3.680299997329712
1525962600,3.680000066757202,3.6900999546051025,3.6449999809265137,3.680000066757202
1525966200,3.684999942779541,3.690000057220459,3.6600000858306885,3.680000066757202
1525969800,3.6700000762939453,3.690000057220459,3.6524999141693115,3.6549999713897705
1525973400,3.6500000953674316,3.680000066757202,3.640000104904175,3.680000066757202
1525977000,3.680000066757202,3.7149999141693115,3.680000066757202,3.7149999141693115
1525980600,3.7100000381469727,3.7200000286102295,3.680000066757202,3.684999942779541
1525982400,3.68,3.68,3.6653,3.6653
1525993200,3.75,3.75,3.75,3.75
1526045400,3.6649999618530273,3.690000057220459,3.630000114440918,3.630000114440918
1526049000,3.630000114440918,3.700000047683716,3.630000114440918,3.6649999618530273
1526052600,3.6649999618530273,3.680000066757202,3.6449999809265137,3.6500000953674316
1526056200,3.6500000953674316,3.6600000858306885,3.630000114440918,3.6500000953674316
1526059800,3.6500000953674316,3.6600000858306885,3.630000114440918,3.630000114440918
1526063400,3.630000114440918,3.680000066757202,3.625,3.6649999618530273
1526067000,3.6700000762939453,3.6700000762939453,3.6500000953674316,3.6600000858306885
1526304600,3.700000047683716,3.7290000915527344,3.700000047683716,3.7049999237060547
1526308200,3.7049999237060547,3.7049999237060547,3.6700000762939453,3.680000066757202
1526311800,3.680000066757202,3.7249999046325684,3.680000066757202,3.700000047683716
1526315400,3.7049999237060547,3.740000009536743,3.7049999237060547,3.7249999046325684
1526319000,3.7300000190734863,3.759999990463257,3.7249999046325684,3.759999990463257
1526322600,3.759999990463257,3.7799999713897705,3.7418999671936035,3.759999990463257
1526326200,3.765000104904175,3.7899999618530273,3.740000009536743,3.755000114440918
1526328000,3.75,3.75,3.75,3.75
1526331600,3.75,3.75,3.75,3.75
1526389200,3.75,3.75,3.75,3.75
1526391000,3.740000009536743,3.8299999237060547,3.73009991645813,3.8299999237060547
1526394600,3.809999942779541,3.8399999141693115,3.809999942779541,3.819999933242798
1526398200,3.809999942779541,3.859999895095825,3.809999942779541,3.8550000190734863
1526401800,3.8550000190734863,3.880000114440918,3.8499999046325684,3.869999885559082
1526405400,3.875,3.880000114440918,3.865000009536743,3.869999885559082
1526409000,3.880000114440918,3.890000104904175,3.8450000286102295,3.890000104904175
1526412600,3.880000114440918,3.890000104904175,3.869999885559082,3.890000104904175
1526414400,3.88,3.88,3.88,3.88
1526418000,3.99,3.99,3.99,3.99
1526468400,3.95,3.95,3.95,3.95
1526477400,3.890000104904175,3.950000047683716,3.8399999141693115,3.869999885559082
1526481000,3.890000104904175,3.9200000762939453,3.869999885559082,3.9026999473571777
1526484600,3.9000000953674316,3.9800000190734863,3.884999990463257,3.9472999572753906
1526488200,3.944999933242798,3.990000009536743,3.944999933242798,3.950000047683716
1526491800,3.950000047683716,3.950000047683716,3.9100000858306885,3.9200000762939453
1526495400,3.9149999618530273,3.940000057220459,3.9049999713897705,3.9149999618530273
1526499000,3.9149999618530273,3.9200000762939453,3.9000000953674316,3.9100000858306885
1526500800,3.91,3.98,3.91,3.98
1526562000,3.98,3.98,3.98,3.98
1526563800,3.9423999786376953,4.019999980926514,3.9423999786376953,4.019899845123291
1526567400,4.019999980926514,4.070000171661377,4.019999980926514,4.054999828338623
1526571000,4.050000190734863,4.099999904632568,4.050000190734863,4.070000171661377
1526574600,4.065000057220459,4.099999904632568,4.063799858093262,4.063799858093262
1526578200,4.063799858093262,4.063799858093262,4.034999847412109,4.059999942779541
1526581800,4.059999942779541,4.070000171661377,4.050000190734863,4.059999942779541
1526585400,4.059999942779541,4.059999942779541,4.03000020980835,4.034999847412109
1526587200,4.03,4.0405,4.03,4.0405
1526594400,4.1,4.12,4.1,4.12
1526641200,4.2,4.2,4.19,4.19
1526644800,4.2,4.21,4.15,4.21
1526648400,4.23,4.25,4.13,4.13
1526650200,4.099999904632568,4.135000228881836,4.050000190734863,4.090000152587891
1526653800,4.09499979019165,4.110000133514404,4.059999942779541,4.065000057220459
1526657400,4.059999942779541,4.090000152587891,4.050000190734863,4.07480001449585
